path,class_name,split
Apple_Black_rot/image (1).JPG,Apple_Black_rot,train
Apple_Black_rot/image (10).JPG,Apple_Black_rot,train
Apple_Black_rot/image (100).JPG,Apple_Black_rot,train
Apple_Black_rot/image (101).JPG,Apple_Black_rot,train
Apple_Black_rot/image (102).JPG,Apple_Black_rot,train
Apple_Black_rot/image (103).JPG,Apple_Black_rot,train
Apple_Black_rot/image (104).JPG,Apple_Black_rot,train
Apple_Black_rot/image (105).JPG,Apple_Black_rot,train
Apple_Black_rot/image (106).JPG,Apple_Black_rot,train
Apple_Black_rot/image (107).JPG,Apple_Black_rot,train
Apple_Black_rot/image (108).JPG,Apple_Black_rot,train
Apple_Black_rot/image (109).JPG,Apple_Black_rot,train
Apple_Black_rot/image (110).JPG,Apple_Black_rot,train
Apple_Black_rot/image (113).JPG,Apple_Black_rot,train
Apple_Black_rot/image (114).JPG,Apple_Black_rot,train
Apple_Black_rot/image (116).JPG,Apple_Black_rot,train
Apple_Black_rot/image (117).JPG,Apple_Black_rot,train
Apple_Black_rot/image (12).JPG,Apple_Black_rot,train
Apple_Black_rot/image (121).JPG,Apple_Black_rot,train
Apple_Black_rot/image (122).JPG,Apple_Black_rot,train
Apple_Black_rot/image (123).JPG,Apple_Black_rot,train
Apple_Black_rot/image (124).JPG,Apple_Black_rot,train
Apple_Black_rot/image (125).JPG,Apple_Black_rot,train
Apple_Black_rot/image (126).JPG,Apple_Black_rot,train
Apple_Black_rot/image (127).JPG,Apple_Black_rot,train
Apple_Black_rot/image (128).JPG,Apple_Black_rot,train
Apple_Black_rot/image (129).JPG,Apple_Black_rot,train
Apple_Black_rot/image (13).JPG,Apple_Black_rot,train
Apple_Black_rot/image (130).JPG,Apple_Black_rot,train
Apple_Black_rot/image (131).JPG,Apple_Black_rot,train
Apple_Black_rot/image (132).JPG,Apple_Black_rot,train
Apple_Black_rot/image (133).JPG,Apple_Black_rot,train
Apple_Black_rot/image (134).JPG,Apple_Black_rot,train
Apple_Black_rot/image (135).JPG,Apple_Black_rot,train
Apple_Black_rot/image (136).JPG,Apple_Black_rot,train
Apple_Black_rot/image (138).JPG,Apple_Black_rot,train
Apple_Black_rot/image (139).JPG,Apple_Black_rot,train
Apple_Black_rot/image (14).JPG,Apple_Black_rot,train
Apple_Black_rot/image (140).JPG,Apple_Black_rot,train
Apple_Black_rot/image (141).JPG,Apple_Black_rot,train
Apple_Black_rot/image (142).JPG,Apple_Black_rot,train
Apple_Black_rot/image (143).JPG,Apple_Black_rot,train
Apple_Black_rot/image (144).JPG,Apple_Black_rot,train
Apple_Black_rot/image (145).JPG,Apple_Black_rot,train
Apple_Black_rot/image (146).JPG,Apple_Black_rot,train
Apple_Black_rot/image (147).JPG,Apple_Black_rot,train
Apple_Black_rot/image (148).JPG,Apple_Black_rot,train
Apple_Black_rot/image (149).JPG,Apple_Black_rot,train
Apple_Black_rot/image (15).JPG,Apple_Black_rot,train
Apple_Black_rot/image (150).JPG,Apple_Black_rot,train
Apple_Black_rot/image (151).JPG,Apple_Black_rot,train
Apple_Black_rot/image (153).JPG,Apple_Black_rot,train
Apple_Black_rot/image (154).JPG,Apple_Black_rot,train
Apple_Black_rot/image (156).JPG,Apple_Black_rot,train
Apple_Black_rot/image (157).JPG,Apple_Black_rot,train
Apple_Black_rot/image (158).JPG,Apple_Black_rot,train
Apple_Black_rot/image (159).JPG,Apple_Black_rot,train
Apple_Black_rot/image (16).JPG,Apple_Black_rot,train
Apple_Black_rot/image (160).JPG,Apple_Black_rot,train
Apple_Black_rot/image (161).JPG,Apple_Black_rot,train
Apple_Black_rot/image (162).JPG,Apple_Black_rot,train
Apple_Black_rot/image (163).JPG,Apple_Black_rot,train
Apple_Black_rot/image (164).JPG,Apple_Black_rot,train
Apple_Black_rot/image (165).JPG,Apple_Black_rot,train
Apple_Black_rot/image (17).JPG,Apple_Black_rot,train
Apple_Black_rot/image (170).JPG,Apple_Black_rot,train
Apple_Black_rot/image (171).JPG,Apple_Black_rot,train
Apple_Black_rot/image (172).JPG,Apple_Black_rot,train
Apple_Black_rot/image (173).JPG,Apple_Black_rot,train
Apple_Black_rot/image (175).JPG,Apple_Black_rot,train
Apple_Black_rot/image (176).JPG,Apple_Black_rot,train
Apple_Black_rot/image (178).JPG,Apple_Black_rot,train
Apple_Black_rot/image (179).JPG,Apple_Black_rot,train
Apple_Black_rot/image (18).JPG,Apple_Black_rot,train
Apple_Black_rot/image (180).JPG,Apple_Black_rot,train
Apple_Black_rot/image (181).JPG,Apple_Black_rot,train
Apple_Black_rot/image (183).JPG,Apple_Black_rot,train
Apple_Black_rot/image (184).JPG,Apple_Black_rot,train
Apple_Black_rot/image (185).JPG,Apple_Black_rot,train
Apple_Black_rot/image (187).JPG,Apple_Black_rot,train
Apple_Black_rot/image (188).JPG,Apple_Black_rot,train
Apple_Black_rot/image (189).JPG,Apple_Black_rot,train
Apple_Black_rot/image (190).JPG,Apple_Black_rot,train
Apple_Black_rot/image (191).JPG,Apple_Black_rot,train
Apple_Black_rot/image (192).JPG,Apple_Black_rot,train
Apple_Black_rot/image (193).JPG,Apple_Black_rot,train
Apple_Black_rot/image (194).JPG,Apple_Black_rot,train
Apple_Black_rot/image (197).JPG,Apple_Black_rot,train
Apple_Black_rot/image (198).JPG,Apple_Black_rot,train
Apple_Black_rot/image (199).JPG,Apple_Black_rot,train
Apple_Black_rot/image (2).JPG,Apple_Black_rot,train
Apple_Black_rot/image (20).JPG,Apple_Black_rot,train
Apple_Black_rot/image (200).JPG,Apple_Black_rot,train
Apple_Black_rot/image (201).JPG,Apple_Black_rot,train
Apple_Black_rot/image (202).JPG,Apple_Black_rot,train
Apple_Black_rot/image (204).JPG,Apple_Black_rot,train
Apple_Black_rot/image (207).JPG,Apple_Black_rot,train
Apple_Black_rot/image (208).JPG,Apple_Black_rot,train
Apple_Black_rot/image (209).JPG,Apple_Black_rot,train
Apple_Black_rot/image (21).JPG,Apple_Black_rot,train
Apple_Black_rot/image (210).JPG,Apple_Black_rot,train
Apple_Black_rot/image (211).JPG,Apple_Black_rot,train
Apple_Black_rot/image (212).JPG,Apple_Black_rot,train
Apple_Black_rot/image (213).JPG,Apple_Black_rot,train
Apple_Black_rot/image (214).JPG,Apple_Black_rot,train
Apple_Black_rot/image (215).JPG,Apple_Black_rot,train
Apple_Black_rot/image (216).JPG,Apple_Black_rot,train
Apple_Black_rot/image (219).JPG,Apple_Black_rot,train
Apple_Black_rot/image (22).JPG,Apple_Black_rot,train
Apple_Black_rot/image (220).JPG,Apple_Black_rot,train
Apple_Black_rot/image (221).JPG,Apple_Black_rot,train
Apple_Black_rot/image (222).JPG,Apple_Black_rot,train
Apple_Black_rot/image (223).JPG,Apple_Black_rot,train
Apple_Black_rot/image (224).JPG,Apple_Black_rot,train
Apple_Black_rot/image (226).JPG,Apple_Black_rot,train
Apple_Black_rot/image (227).JPG,Apple_Black_rot,train
Apple_Black_rot/image (228).JPG,Apple_Black_rot,train
Apple_Black_rot/image (23).JPG,Apple_Black_rot,train
Apple_Black_rot/image (230).JPG,Apple_Black_rot,train
Apple_Black_rot/image (231).JPG,Apple_Black_rot,train
Apple_Black_rot/image (233).JPG,Apple_Black_rot,train
Apple_Black_rot/image (234).JPG,Apple_Black_rot,train
Apple_Black_rot/image (235).JPG,Apple_Black_rot,train
Apple_Black_rot/image (236).JPG,Apple_Black_rot,train
Apple_Black_rot/image (237).JPG,Apple_Black_rot,train
Apple_Black_rot/image (238).JPG,Apple_Black_rot,train
Apple_Black_rot/image (24).JPG,Apple_Black_rot,train
Apple_Black_rot/image (240).JPG,Apple_Black_rot,train
Apple_Black_rot/image (241).JPG,Apple_Black_rot,train
Apple_Black_rot/image (242).JPG,Apple_Black_rot,train
Apple_Black_rot/image (243).JPG,Apple_Black_rot,train
Apple_Black_rot/image (244).JPG,Apple_Black_rot,train
Apple_Black_rot/image (245).JPG,Apple_Black_rot,train
Apple_Black_rot/image (246).JPG,Apple_Black_rot,train
Apple_Black_rot/image (247).JPG,Apple_Black_rot,train
Apple_Black_rot/image (248).JPG,Apple_Black_rot,train
Apple_Black_rot/image (249).JPG,Apple_Black_rot,train
Apple_Black_rot/image (25).JPG,Apple_Black_rot,train
Apple_Black_rot/image (251).JPG,Apple_Black_rot,train
Apple_Black_rot/image (252).JPG,Apple_Black_rot,train
Apple_Black_rot/image (253).JPG,Apple_Black_rot,train
Apple_Black_rot/image (255).JPG,Apple_Black_rot,train
Apple_Black_rot/image (256).JPG,Apple_Black_rot,train
Apple_Black_rot/image (257).JPG,Apple_Black_rot,train
Apple_Black_rot/image (258).JPG,Apple_Black_rot,train
Apple_Black_rot/image (259).JPG,Apple_Black_rot,train
Apple_Black_rot/image (26).JPG,Apple_Black_rot,train
Apple_Black_rot/image (260).JPG,Apple_Black_rot,train
Apple_Black_rot/image (261).JPG,Apple_Black_rot,train
Apple_Black_rot/image (262).JPG,Apple_Black_rot,train
Apple_Black_rot/image (264).JPG,Apple_Black_rot,train
Apple_Black_rot/image (266).JPG,Apple_Black_rot,train
Apple_Black_rot/image (27).JPG,Apple_Black_rot,train
Apple_Black_rot/image (270).JPG,Apple_Black_rot,train
Apple_Black_rot/image (271).JPG,Apple_Black_rot,train
Apple_Black_rot/image (274).JPG,Apple_Black_rot,train
Apple_Black_rot/image (276).JPG,Apple_Black_rot,train
Apple_Black_rot/image (277).JPG,Apple_Black_rot,train
Apple_Black_rot/image (278).JPG,Apple_Black_rot,train
Apple_Black_rot/image (279).JPG,Apple_Black_rot,train
Apple_Black_rot/image (28).JPG,Apple_Black_rot,train
Apple_Black_rot/image (281).JPG,Apple_Black_rot,train
Apple_Black_rot/image (282).JPG,Apple_Black_rot,train
Apple_Black_rot/image (283).JPG,Apple_Black_rot,train
Apple_Black_rot/image (284).JPG,Apple_Black_rot,train
Apple_Black_rot/image (285).JPG,Apple_Black_rot,train
Apple_Black_rot/image (287).JPG,Apple_Black_rot,train
Apple_Black_rot/image (289).JPG,Apple_Black_rot,train
Apple_Black_rot/image (290).JPG,Apple_Black_rot,train
Apple_Black_rot/image (292).JPG,Apple_Black_rot,train
Apple_Black_rot/image (293).JPG,Apple_Black_rot,train
Apple_Black_rot/image (294).JPG,Apple_Black_rot,train
Apple_Black_rot/image (295).JPG,Apple_Black_rot,train
Apple_Black_rot/image (296).JPG,Apple_Black_rot,train
Apple_Black_rot/image (297).JPG,Apple_Black_rot,train
Apple_Black_rot/image (298).JPG,Apple_Black_rot,train
Apple_Black_rot/image (3).JPG,Apple_Black_rot,train
Apple_Black_rot/image (30).JPG,Apple_Black_rot,train
Apple_Black_rot/image (300).JPG,Apple_Black_rot,train
Apple_Black_rot/image (301).JPG,Apple_Black_rot,train
Apple_Black_rot/image (302).JPG,Apple_Black_rot,train
Apple_Black_rot/image (303).JPG,Apple_Black_rot,train
Apple_Black_rot/image (304).JPG,Apple_Black_rot,train
Apple_Black_rot/image (305).JPG,Apple_Black_rot,train
Apple_Black_rot/image (307).JPG,Apple_Black_rot,train
Apple_Black_rot/image (308).JPG,Apple_Black_rot,train
Apple_Black_rot/image (309).JPG,Apple_Black_rot,train
Apple_Black_rot/image (31).JPG,Apple_Black_rot,train
Apple_Black_rot/image (311).JPG,Apple_Black_rot,train
Apple_Black_rot/image (313).JPG,Apple_Black_rot,train
Apple_Black_rot/image (314).JPG,Apple_Black_rot,train
Apple_Black_rot/image (315).JPG,Apple_Black_rot,train
Apple_Black_rot/image (316).JPG,Apple_Black_rot,train
Apple_Black_rot/image (317).JPG,Apple_Black_rot,train
Apple_Black_rot/image (318).JPG,Apple_Black_rot,train
Apple_Black_rot/image (319).JPG,Apple_Black_rot,train
Apple_Black_rot/image (32).JPG,Apple_Black_rot,train
Apple_Black_rot/image (320).JPG,Apple_Black_rot,train
Apple_Black_rot/image (322).JPG,Apple_Black_rot,train
Apple_Black_rot/image (323).JPG,Apple_Black_rot,train
Apple_Black_rot/image (324).JPG,Apple_Black_rot,train
Apple_Black_rot/image (326).JPG,Apple_Black_rot,train
Apple_Black_rot/image (327).JPG,Apple_Black_rot,train
Apple_Black_rot/image (328).JPG,Apple_Black_rot,train
Apple_Black_rot/image (33).JPG,Apple_Black_rot,train
Apple_Black_rot/image (330).JPG,Apple_Black_rot,train
Apple_Black_rot/image (332).JPG,Apple_Black_rot,train
Apple_Black_rot/image (333).JPG,Apple_Black_rot,train
Apple_Black_rot/image (334).JPG,Apple_Black_rot,train
Apple_Black_rot/image (335).JPG,Apple_Black_rot,train
Apple_Black_rot/image (336).JPG,Apple_Black_rot,train
Apple_Black_rot/image (337).JPG,Apple_Black_rot,train
Apple_Black_rot/image (338).JPG,Apple_Black_rot,train
Apple_Black_rot/image (34).JPG,Apple_Black_rot,train
Apple_Black_rot/image (340).JPG,Apple_Black_rot,train
Apple_Black_rot/image (341).JPG,Apple_Black_rot,train
Apple_Black_rot/image (342).JPG,Apple_Black_rot,train
Apple_Black_rot/image (343).JPG,Apple_Black_rot,train
Apple_Black_rot/image (344).JPG,Apple_Black_rot,train
Apple_Black_rot/image (345).JPG,Apple_Black_rot,train
Apple_Black_rot/image (346).JPG,Apple_Black_rot,train
Apple_Black_rot/image (347).JPG,Apple_Black_rot,train
Apple_Black_rot/image (348).JPG,Apple_Black_rot,train
Apple_Black_rot/image (349).JPG,Apple_Black_rot,train
Apple_Black_rot/image (35).JPG,Apple_Black_rot,train
Apple_Black_rot/image (350).JPG,Apple_Black_rot,train
Apple_Black_rot/image (351).JPG,Apple_Black_rot,train
Apple_Black_rot/image (352).JPG,Apple_Black_rot,train
Apple_Black_rot/image (353).JPG,Apple_Black_rot,train
Apple_Black_rot/image (354).JPG,Apple_Black_rot,train
Apple_Black_rot/image (355).JPG,Apple_Black_rot,train
Apple_Black_rot/image (356).JPG,Apple_Black_rot,train
Apple_Black_rot/image (358).JPG,Apple_Black_rot,train
Apple_Black_rot/image (359).JPG,Apple_Black_rot,train
Apple_Black_rot/image (36).JPG,Apple_Black_rot,train
Apple_Black_rot/image (360).JPG,Apple_Black_rot,train
Apple_Black_rot/image (361).JPG,Apple_Black_rot,train
Apple_Black_rot/image (362).JPG,Apple_Black_rot,train
Apple_Black_rot/image (365).JPG,Apple_Black_rot,train
Apple_Black_rot/image (366).JPG,Apple_Black_rot,train
Apple_Black_rot/image (368).JPG,Apple_Black_rot,train
Apple_Black_rot/image (369).JPG,Apple_Black_rot,train
Apple_Black_rot/image (37).JPG,Apple_Black_rot,train
Apple_Black_rot/image (370).JPG,Apple_Black_rot,train
Apple_Black_rot/image (371).JPG,Apple_Black_rot,train
Apple_Black_rot/image (372).JPG,Apple_Black_rot,train
Apple_Black_rot/image (373).JPG,Apple_Black_rot,train
Apple_Black_rot/image (374).JPG,Apple_Black_rot,train
Apple_Black_rot/image (375).JPG,Apple_Black_rot,train
Apple_Black_rot/image (378).JPG,Apple_Black_rot,train
Apple_Black_rot/image (379).JPG,Apple_Black_rot,train
Apple_Black_rot/image (38).JPG,Apple_Black_rot,train
Apple_Black_rot/image (381).JPG,Apple_Black_rot,train
Apple_Black_rot/image (382).JPG,Apple_Black_rot,train
Apple_Black_rot/image (383).JPG,Apple_Black_rot,train
Apple_Black_rot/image (385).JPG,Apple_Black_rot,train
Apple_Black_rot/image (387).JPG,Apple_Black_rot,train
Apple_Black_rot/image (388).JPG,Apple_Black_rot,train
Apple_Black_rot/image (389).JPG,Apple_Black_rot,train
Apple_Black_rot/image (39).JPG,Apple_Black_rot,train
Apple_Black_rot/image (390).JPG,Apple_Black_rot,train
Apple_Black_rot/image (391).JPG,Apple_Black_rot,train
Apple_Black_rot/image (394).JPG,Apple_Black_rot,train
Apple_Black_rot/image (395).JPG,Apple_Black_rot,train
Apple_Black_rot/image (397).JPG,Apple_Black_rot,train
Apple_Black_rot/image (398).JPG,Apple_Black_rot,train
Apple_Black_rot/image (399).JPG,Apple_Black_rot,train
Apple_Black_rot/image (4).JPG,Apple_Black_rot,train
Apple_Black_rot/image (40).JPG,Apple_Black_rot,train
Apple_Black_rot/image (400).JPG,Apple_Black_rot,train
Apple_Black_rot/image (401).JPG,Apple_Black_rot,train
Apple_Black_rot/image (402).JPG,Apple_Black_rot,train
Apple_Black_rot/image (403).JPG,Apple_Black_rot,train
Apple_Black_rot/image (404).JPG,Apple_Black_rot,train
Apple_Black_rot/image (406).JPG,Apple_Black_rot,train
Apple_Black_rot/image (407).JPG,Apple_Black_rot,train
Apple_Black_rot/image (408).JPG,Apple_Black_rot,train
Apple_Black_rot/image (409).JPG,Apple_Black_rot,train
Apple_Black_rot/image (41).JPG,Apple_Black_rot,train
Apple_Black_rot/image (412).JPG,Apple_Black_rot,train
Apple_Black_rot/image (413).JPG,Apple_Black_rot,train
Apple_Black_rot/image (414).JPG,Apple_Black_rot,train
Apple_Black_rot/image (415).JPG,Apple_Black_rot,train
Apple_Black_rot/image (416).JPG,Apple_Black_rot,train
Apple_Black_rot/image (417).JPG,Apple_Black_rot,train
Apple_Black_rot/image (418).JPG,Apple_Black_rot,train
Apple_Black_rot/image (419).JPG,Apple_Black_rot,train
Apple_Black_rot/image (42).JPG,Apple_Black_rot,train
Apple_Black_rot/image (422).JPG,Apple_Black_rot,train
Apple_Black_rot/image (423).JPG,Apple_Black_rot,train
Apple_Black_rot/image (424).JPG,Apple_Black_rot,train
Apple_Black_rot/image (425).JPG,Apple_Black_rot,train
Apple_Black_rot/image (426).JPG,Apple_Black_rot,train
Apple_Black_rot/image (428).JPG,Apple_Black_rot,train
Apple_Black_rot/image (429).JPG,Apple_Black_rot,train
Apple_Black_rot/image (43).JPG,Apple_Black_rot,train
Apple_Black_rot/image (430).JPG,Apple_Black_rot,train
Apple_Black_rot/image (431).JPG,Apple_Black_rot,train
Apple_Black_rot/image (432).JPG,Apple_Black_rot,train
Apple_Black_rot/image (434).JPG,Apple_Black_rot,train
Apple_Black_rot/image (435).JPG,Apple_Black_rot,train
Apple_Black_rot/image (436).JPG,Apple_Black_rot,train
Apple_Black_rot/image (437).JPG,Apple_Black_rot,train
Apple_Black_rot/image (44).JPG,Apple_Black_rot,train
Apple_Black_rot/image (440).JPG,Apple_Black_rot,train
Apple_Black_rot/image (443).JPG,Apple_Black_rot,train
Apple_Black_rot/image (444).JPG,Apple_Black_rot,train
Apple_Black_rot/image (445).JPG,Apple_Black_rot,train
Apple_Black_rot/image (446).JPG,Apple_Black_rot,train
Apple_Black_rot/image (447).JPG,Apple_Black_rot,train
Apple_Black_rot/image (448).JPG,Apple_Black_rot,train
Apple_Black_rot/image (449).JPG,Apple_Black_rot,train
Apple_Black_rot/image (45).JPG,Apple_Black_rot,train
Apple_Black_rot/image (450).JPG,Apple_Black_rot,train
Apple_Black_rot/image (451).JPG,Apple_Black_rot,train
Apple_Black_rot/image (452).JPG,Apple_Black_rot,train
Apple_Black_rot/image (453).JPG,Apple_Black_rot,train
Apple_Black_rot/image (454).JPG,Apple_Black_rot,train
Apple_Black_rot/image (455).JPG,Apple_Black_rot,train
Apple_Black_rot/image (456).JPG,Apple_Black_rot,train
Apple_Black_rot/image (457).JPG,Apple_Black_rot,train
Apple_Black_rot/image (458).JPG,Apple_Black_rot,train
Apple_Black_rot/image (460).JPG,Apple_Black_rot,train
Apple_Black_rot/image (461).JPG,Apple_Black_rot,train
Apple_Black_rot/image (463).JPG,Apple_Black_rot,train
Apple_Black_rot/image (464).JPG,Apple_Black_rot,train
Apple_Black_rot/image (465).JPG,Apple_Black_rot,train
Apple_Black_rot/image (466).JPG,Apple_Black_rot,train
Apple_Black_rot/image (467).JPG,Apple_Black_rot,train
Apple_Black_rot/image (468).JPG,Apple_Black_rot,train
Apple_Black_rot/image (469).JPG,Apple_Black_rot,train
Apple_Black_rot/image (47).JPG,Apple_Black_rot,train
Apple_Black_rot/image (470).JPG,Apple_Black_rot,train
Apple_Black_rot/image (471).JPG,Apple_Black_rot,train
Apple_Black_rot/image (472).JPG,Apple_Black_rot,train
Apple_Black_rot/image (474).JPG,Apple_Black_rot,train
Apple_Black_rot/image (475).JPG,Apple_Black_rot,train
Apple_Black_rot/image (477).JPG,Apple_Black_rot,train
Apple_Black_rot/image (478).JPG,Apple_Black_rot,train
Apple_Black_rot/image (48).JPG,Apple_Black_rot,train
Apple_Black_rot/image (480).JPG,Apple_Black_rot,train
Apple_Black_rot/image (481).JPG,Apple_Black_rot,train
Apple_Black_rot/image (482).JPG,Apple_Black_rot,train
Apple_Black_rot/image (483).JPG,Apple_Black_rot,train
Apple_Black_rot/image (484).JPG,Apple_Black_rot,train
Apple_Black_rot/image (486).JPG,Apple_Black_rot,train
Apple_Black_rot/image (487).JPG,Apple_Black_rot,train
Apple_Black_rot/image (488).JPG,Apple_Black_rot,train
Apple_Black_rot/image (489).JPG,Apple_Black_rot,train
Apple_Black_rot/image (49).JPG,Apple_Black_rot,train
Apple_Black_rot/image (490).JPG,Apple_Black_rot,train
Apple_Black_rot/image (491).JPG,Apple_Black_rot,train
Apple_Black_rot/image (493).JPG,Apple_Black_rot,train
Apple_Black_rot/image (494).JPG,Apple_Black_rot,train
Apple_Black_rot/image (495).JPG,Apple_Black_rot,train
Apple_Black_rot/image (496).JPG,Apple_Black_rot,train
Apple_Black_rot/image (497).JPG,Apple_Black_rot,train
Apple_Black_rot/image (498).JPG,Apple_Black_rot,train
Apple_Black_rot/image (5).JPG,Apple_Black_rot,train
Apple_Black_rot/image (50).JPG,Apple_Black_rot,train
Apple_Black_rot/image (501).JPG,Apple_Black_rot,train
Apple_Black_rot/image (502).JPG,Apple_Black_rot,train
Apple_Black_rot/image (503).JPG,Apple_Black_rot,train
Apple_Black_rot/image (504).JPG,Apple_Black_rot,train
Apple_Black_rot/image (505).JPG,Apple_Black_rot,train
Apple_Black_rot/image (506).JPG,Apple_Black_rot,train
Apple_Black_rot/image (507).JPG,Apple_Black_rot,train
Apple_Black_rot/image (508).JPG,Apple_Black_rot,train
Apple_Black_rot/image (509).JPG,Apple_Black_rot,train
Apple_Black_rot/image (51).JPG,Apple_Black_rot,train
Apple_Black_rot/image (512).JPG,Apple_Black_rot,train
Apple_Black_rot/image (513).JPG,Apple_Black_rot,train
Apple_Black_rot/image (514).JPG,Apple_Black_rot,train
Apple_Black_rot/image (515).JPG,Apple_Black_rot,train
Apple_Black_rot/image (517).JPG,Apple_Black_rot,train
Apple_Black_rot/image (518).JPG,Apple_Black_rot,train
Apple_Black_rot/image (519).JPG,Apple_Black_rot,train
Apple_Black_rot/image (52).JPG,Apple_Black_rot,train
Apple_Black_rot/image (521).JPG,Apple_Black_rot,train
Apple_Black_rot/image (522).JPG,Apple_Black_rot,train
Apple_Black_rot/image (523).JPG,Apple_Black_rot,train
Apple_Black_rot/image (524).JPG,Apple_Black_rot,train
Apple_Black_rot/image (525).JPG,Apple_Black_rot,train
Apple_Black_rot/image (526).JPG,Apple_Black_rot,train
Apple_Black_rot/image (529).JPG,Apple_Black_rot,train
Apple_Black_rot/image (53).JPG,Apple_Black_rot,train
Apple_Black_rot/image (530).JPG,Apple_Black_rot,train
Apple_Black_rot/image (531).JPG,Apple_Black_rot,train
Apple_Black_rot/image (533).JPG,Apple_Black_rot,train
Apple_Black_rot/image (534).JPG,Apple_Black_rot,train
Apple_Black_rot/image (535).JPG,Apple_Black_rot,train
Apple_Black_rot/image (536).JPG,Apple_Black_rot,train
Apple_Black_rot/image (537).JPG,Apple_Black_rot,train
Apple_Black_rot/image (538).JPG,Apple_Black_rot,train
Apple_Black_rot/image (539).JPG,Apple_Black_rot,train
Apple_Black_rot/image (540).JPG,Apple_Black_rot,train
Apple_Black_rot/image (541).JPG,Apple_Black_rot,train
Apple_Black_rot/image (542).JPG,Apple_Black_rot,train
Apple_Black_rot/image (543).JPG,Apple_Black_rot,train
Apple_Black_rot/image (545).JPG,Apple_Black_rot,train
Apple_Black_rot/image (546).JPG,Apple_Black_rot,train
Apple_Black_rot/image (547).JPG,Apple_Black_rot,train
Apple_Black_rot/image (548).JPG,Apple_Black_rot,train
Apple_Black_rot/image (549).JPG,Apple_Black_rot,train
Apple_Black_rot/image (55).JPG,Apple_Black_rot,train
Apple_Black_rot/image (552).JPG,Apple_Black_rot,train
Apple_Black_rot/image (554).JPG,Apple_Black_rot,train
Apple_Black_rot/image (555).JPG,Apple_Black_rot,train
Apple_Black_rot/image (557).JPG,Apple_Black_rot,train
Apple_Black_rot/image (558).JPG,Apple_Black_rot,train
Apple_Black_rot/image (559).JPG,Apple_Black_rot,train
Apple_Black_rot/image (56).JPG,Apple_Black_rot,train
Apple_Black_rot/image (560).JPG,Apple_Black_rot,train
Apple_Black_rot/image (561).JPG,Apple_Black_rot,train
Apple_Black_rot/image (563).JPG,Apple_Black_rot,train
Apple_Black_rot/image (564).JPG,Apple_Black_rot,train
Apple_Black_rot/image (565).JPG,Apple_Black_rot,train
Apple_Black_rot/image (566).JPG,Apple_Black_rot,train
Apple_Black_rot/image (567).JPG,Apple_Black_rot,train
Apple_Black_rot/image (568).JPG,Apple_Black_rot,train
Apple_Black_rot/image (569).JPG,Apple_Black_rot,train
Apple_Black_rot/image (57).JPG,Apple_Black_rot,train
Apple_Black_rot/image (570).JPG,Apple_Black_rot,train
Apple_Black_rot/image (573).JPG,Apple_Black_rot,train
Apple_Black_rot/image (574).JPG,Apple_Black_rot,train
Apple_Black_rot/image (575).JPG,Apple_Black_rot,train
Apple_Black_rot/image (576).JPG,Apple_Black_rot,train
Apple_Black_rot/image (577).JPG,Apple_Black_rot,train
Apple_Black_rot/image (578).JPG,Apple_Black_rot,train
Apple_Black_rot/image (579).JPG,Apple_Black_rot,train
Apple_Black_rot/image (58).JPG,Apple_Black_rot,train
Apple_Black_rot/image (582).JPG,Apple_Black_rot,train
Apple_Black_rot/image (583).JPG,Apple_Black_rot,train
Apple_Black_rot/image (584).JPG,Apple_Black_rot,train
Apple_Black_rot/image (585).JPG,Apple_Black_rot,train
Apple_Black_rot/image (586).JPG,Apple_Black_rot,train
Apple_Black_rot/image (587).JPG,Apple_Black_rot,train
Apple_Black_rot/image (588).JPG,Apple_Black_rot,train
Apple_Black_rot/image (589).JPG,Apple_Black_rot,train
Apple_Black_rot/image (59).JPG,Apple_Black_rot,train
Apple_Black_rot/image (590).JPG,Apple_Black_rot,train
Apple_Black_rot/image (591).JPG,Apple_Black_rot,train
Apple_Black_rot/image (592).JPG,Apple_Black_rot,train
Apple_Black_rot/image (594).JPG,Apple_Black_rot,train
Apple_Black_rot/image (595).JPG,Apple_Black_rot,train
Apple_Black_rot/image (596).JPG,Apple_Black_rot,train
Apple_Black_rot/image (597).JPG,Apple_Black_rot,train
Apple_Black_rot/image (599).JPG,Apple_Black_rot,train
Apple_Black_rot/image (6).JPG,Apple_Black_rot,train
Apple_Black_rot/image (601).JPG,Apple_Black_rot,train
Apple_Black_rot/image (602).JPG,Apple_Black_rot,train
Apple_Black_rot/image (604).JPG,Apple_Black_rot,train
Apple_Black_rot/image (605).JPG,Apple_Black_rot,train
Apple_Black_rot/image (607).JPG,Apple_Black_rot,train
Apple_Black_rot/image (608).JPG,Apple_Black_rot,train
Apple_Black_rot/image (609).JPG,Apple_Black_rot,train
Apple_Black_rot/image (611).JPG,Apple_Black_rot,train
Apple_Black_rot/image (612).JPG,Apple_Black_rot,train
Apple_Black_rot/image (613).JPG,Apple_Black_rot,train
Apple_Black_rot/image (614).JPG,Apple_Black_rot,train
Apple_Black_rot/image (616).JPG,Apple_Black_rot,train
Apple_Black_rot/image (617).JPG,Apple_Black_rot,train
Apple_Black_rot/image (618).JPG,Apple_Black_rot,train
Apple_Black_rot/image (63).JPG,Apple_Black_rot,train
Apple_Black_rot/image (67).JPG,Apple_Black_rot,train
Apple_Black_rot/image (68).JPG,Apple_Black_rot,train
Apple_Black_rot/image (69).JPG,Apple_Black_rot,train
Apple_Black_rot/image (7).JPG,Apple_Black_rot,train
Apple_Black_rot/image (70).JPG,Apple_Black_rot,train
Apple_Black_rot/image (71).JPG,Apple_Black_rot,train
Apple_Black_rot/image (72).JPG,Apple_Black_rot,train
Apple_Black_rot/image (73).JPG,Apple_Black_rot,train
Apple_Black_rot/image (74).JPG,Apple_Black_rot,train
Apple_Black_rot/image (75).JPG,Apple_Black_rot,train
Apple_Black_rot/image (76).JPG,Apple_Black_rot,train
Apple_Black_rot/image (77).JPG,Apple_Black_rot,train
Apple_Black_rot/image (78).JPG,Apple_Black_rot,train
Apple_Black_rot/image (79).JPG,Apple_Black_rot,train
Apple_Black_rot/image (8).JPG,Apple_Black_rot,train
Apple_Black_rot/image (82).JPG,Apple_Black_rot,train
Apple_Black_rot/image (83).JPG,Apple_Black_rot,train
Apple_Black_rot/image (84).JPG,Apple_Black_rot,train
Apple_Black_rot/image (85).JPG,Apple_Black_rot,train
Apple_Black_rot/image (86).JPG,Apple_Black_rot,train
Apple_Black_rot/image (87).JPG,Apple_Black_rot,train
Apple_Black_rot/image (88).JPG,Apple_Black_rot,train
Apple_Black_rot/image (89).JPG,Apple_Black_rot,train
Apple_Black_rot/image (9).JPG,Apple_Black_rot,train
Apple_Black_rot/image (90).JPG,Apple_Black_rot,train
Apple_Black_rot/image (91).JPG,Apple_Black_rot,train
Apple_Black_rot/image (92).JPG,Apple_Black_rot,train
Apple_Black_rot/image (93).JPG,Apple_Black_rot,train
Apple_Black_rot/image (94).JPG,Apple_Black_rot,train
Apple_Black_rot/image (96).JPG,Apple_Black_rot,train
Apple_Black_rot/image (97).JPG,Apple_Black_rot,train
Apple_Black_rot/image (98).JPG,Apple_Black_rot,train
Apple_healthy/image (100).JPG,Apple_healthy,train
Apple_healthy/image (1002).JPG,Apple_healthy,train
Apple_healthy/image (1003).JPG,Apple_healthy,train
Apple_healthy/image (1004).JPG,Apple_healthy,train
Apple_healthy/image (1006).JPG,Apple_healthy,train
Apple_healthy/image (1009).JPG,Apple_healthy,train
Apple_healthy/image (101).JPG,Apple_healthy,train
Apple_healthy/image (1010).JPG,Apple_healthy,train
Apple_healthy/image (1011).JPG,Apple_healthy,train
Apple_healthy/image (1012).JPG,Apple_healthy,train
Apple_healthy/image (1015).JPG,Apple_healthy,train
Apple_healthy/image (1016).JPG,Apple_healthy,train
Apple_healthy/image (1017).JPG,Apple_healthy,train
Apple_healthy/image (1018).JPG,Apple_healthy,train
Apple_healthy/image (102).JPG,Apple_healthy,train
Apple_healthy/image (1020).JPG,Apple_healthy,train
Apple_healthy/image (1021).JPG,Apple_healthy,train
Apple_healthy/image (1022).JPG,Apple_healthy,train
Apple_healthy/image (1023).JPG,Apple_healthy,train
Apple_healthy/image (1024).JPG,Apple_healthy,train
Apple_healthy/image (1026).JPG,Apple_healthy,train
Apple_healthy/image (1027).JPG,Apple_healthy,train
Apple_healthy/image (1028).JPG,Apple_healthy,train
Apple_healthy/image (103).JPG,Apple_healthy,train
Apple_healthy/image (1032).JPG,Apple_healthy,train
Apple_healthy/image (1033).JPG,Apple_healthy,train
Apple_healthy/image (1034).JPG,Apple_healthy,train
Apple_healthy/image (1035).JPG,Apple_healthy,train
Apple_healthy/image (1036).JPG,Apple_healthy,train
Apple_healthy/image (1037).JPG,Apple_healthy,train
Apple_healthy/image (1038).JPG,Apple_healthy,train
Apple_healthy/image (104).JPG,Apple_healthy,train
Apple_healthy/image (1040).JPG,Apple_healthy,train
Apple_healthy/image (1043).JPG,Apple_healthy,train
Apple_healthy/image (1044).JPG,Apple_healthy,train
Apple_healthy/image (1045).JPG,Apple_healthy,train
Apple_healthy/image (1046).JPG,Apple_healthy,train
Apple_healthy/image (1048).JPG,Apple_healthy,train
Apple_healthy/image (1049).JPG,Apple_healthy,train
Apple_healthy/image (105).JPG,Apple_healthy,train
Apple_healthy/image (1050).JPG,Apple_healthy,train
Apple_healthy/image (1051).JPG,Apple_healthy,train
Apple_healthy/image (1053).JPG,Apple_healthy,train
Apple_healthy/image (1054).JPG,Apple_healthy,train
Apple_healthy/image (1055).JPG,Apple_healthy,train
Apple_healthy/image (1056).JPG,Apple_healthy,train
Apple_healthy/image (1057).JPG,Apple_healthy,train
Apple_healthy/image (1058).JPG,Apple_healthy,train
Apple_healthy/image (1059).JPG,Apple_healthy,train
Apple_healthy/image (106).JPG,Apple_healthy,train
Apple_healthy/image (1060).JPG,Apple_healthy,train
Apple_healthy/image (1061).JPG,Apple_healthy,train
Apple_healthy/image (1062).JPG,Apple_healthy,train
Apple_healthy/image (1064).JPG,Apple_healthy,train
Apple_healthy/image (1065).JPG,Apple_healthy,train
Apple_healthy/image (1066).JPG,Apple_healthy,train
Apple_healthy/image (1067).JPG,Apple_healthy,train
Apple_healthy/image (1068).JPG,Apple_healthy,train
Apple_healthy/image (1069).JPG,Apple_healthy,train
Apple_healthy/image (107).JPG,Apple_healthy,train
Apple_healthy/image (1070).JPG,Apple_healthy,train
Apple_healthy/image (1071).JPG,Apple_healthy,train
Apple_healthy/image (1072).JPG,Apple_healthy,train
Apple_healthy/image (1073).JPG,Apple_healthy,train
Apple_healthy/image (1074).JPG,Apple_healthy,train
Apple_healthy/image (1076).JPG,Apple_healthy,train
Apple_healthy/image (1077).JPG,Apple_healthy,train
Apple_healthy/image (1079).JPG,Apple_healthy,train
Apple_healthy/image (108).JPG,Apple_healthy,train
Apple_healthy/image (1081).JPG,Apple_healthy,train
Apple_healthy/image (1082).JPG,Apple_healthy,train
Apple_healthy/image (1083).JPG,Apple_healthy,train
Apple_healthy/image (1084).JPG,Apple_healthy,train
Apple_healthy/image (1085).JPG,Apple_healthy,train
Apple_healthy/image (1086).JPG,Apple_healthy,train
Apple_healthy/image (1087).JPG,Apple_healthy,train
Apple_healthy/image (1088).JPG,Apple_healthy,train
Apple_healthy/image (1089).JPG,Apple_healthy,train
Apple_healthy/image (109).JPG,Apple_healthy,train
Apple_healthy/image (1090).JPG,Apple_healthy,train
Apple_healthy/image (1093).JPG,Apple_healthy,train
Apple_healthy/image (1094).JPG,Apple_healthy,train
Apple_healthy/image (1096).JPG,Apple_healthy,train
Apple_healthy/image (1097).JPG,Apple_healthy,train
Apple_healthy/image (1098).JPG,Apple_healthy,train
Apple_healthy/image (1099).JPG,Apple_healthy,train
Apple_healthy/image (11).JPG,Apple_healthy,train
Apple_healthy/image (110).JPG,Apple_healthy,train
Apple_healthy/image (1100).JPG,Apple_healthy,train
Apple_healthy/image (1101).JPG,Apple_healthy,train
Apple_healthy/image (1102).JPG,Apple_healthy,train
Apple_healthy/image (1103).JPG,Apple_healthy,train
Apple_healthy/image (1104).JPG,Apple_healthy,train
Apple_healthy/image (1105).JPG,Apple_healthy,train
Apple_healthy/image (1106).JPG,Apple_healthy,train
Apple_healthy/image (1107).JPG,Apple_healthy,train
Apple_healthy/image (1108).JPG,Apple_healthy,train
Apple_healthy/image (1109).JPG,Apple_healthy,train
Apple_healthy/image (1110).JPG,Apple_healthy,train
Apple_healthy/image (1111).JPG,Apple_healthy,train
Apple_healthy/image (1112).JPG,Apple_healthy,train
Apple_healthy/image (1113).JPG,Apple_healthy,train
Apple_healthy/image (1114).JPG,Apple_healthy,train
Apple_healthy/image (1116).JPG,Apple_healthy,train
Apple_healthy/image (1117).JPG,Apple_healthy,train
Apple_healthy/image (1118).JPG,Apple_healthy,train
Apple_healthy/image (1119).JPG,Apple_healthy,train
Apple_healthy/image (1122).JPG,Apple_healthy,train
Apple_healthy/image (1123).JPG,Apple_healthy,train
Apple_healthy/image (1124).JPG,Apple_healthy,train
Apple_healthy/image (1125).JPG,Apple_healthy,train
Apple_healthy/image (1126).JPG,Apple_healthy,train
Apple_healthy/image (1127).JPG,Apple_healthy,train
Apple_healthy/image (1128).JPG,Apple_healthy,train
Apple_healthy/image (1129).JPG,Apple_healthy,train
Apple_healthy/image (113).JPG,Apple_healthy,train
Apple_healthy/image (1130).JPG,Apple_healthy,train
Apple_healthy/image (1131).JPG,Apple_healthy,train
Apple_healthy/image (1132).JPG,Apple_healthy,train
Apple_healthy/image (1134).JPG,Apple_healthy,train
Apple_healthy/image (1136).JPG,Apple_healthy,train
Apple_healthy/image (1137).JPG,Apple_healthy,train
Apple_healthy/image (1138).JPG,Apple_healthy,train
Apple_healthy/image (1139).JPG,Apple_healthy,train
Apple_healthy/image (1140).JPG,Apple_healthy,train
Apple_healthy/image (1141).JPG,Apple_healthy,train
Apple_healthy/image (1143).JPG,Apple_healthy,train
Apple_healthy/image (1144).JPG,Apple_healthy,train
Apple_healthy/image (1145).JPG,Apple_healthy,train
Apple_healthy/image (1146).JPG,Apple_healthy,train
Apple_healthy/image (1147).JPG,Apple_healthy,train
Apple_healthy/image (1148).JPG,Apple_healthy,train
Apple_healthy/image (1149).JPG,Apple_healthy,train
Apple_healthy/image (115).JPG,Apple_healthy,train
Apple_healthy/image (1152).JPG,Apple_healthy,train
Apple_healthy/image (1153).JPG,Apple_healthy,train
Apple_healthy/image (1155).JPG,Apple_healthy,train
Apple_healthy/image (1156).JPG,Apple_healthy,train
Apple_healthy/image (1157).JPG,Apple_healthy,train
Apple_healthy/image (1158).JPG,Apple_healthy,train
Apple_healthy/image (1159).JPG,Apple_healthy,train
Apple_healthy/image (116).JPG,Apple_healthy,train
Apple_healthy/image (1160).JPG,Apple_healthy,train
Apple_healthy/image (1161).JPG,Apple_healthy,train
Apple_healthy/image (1164).JPG,Apple_healthy,train
Apple_healthy/image (1165).JPG,Apple_healthy,train
Apple_healthy/image (1166).JPG,Apple_healthy,train
Apple_healthy/image (1167).JPG,Apple_healthy,train
Apple_healthy/image (1168).JPG,Apple_healthy,train
Apple_healthy/image (117).JPG,Apple_healthy,train
Apple_healthy/image (1170).JPG,Apple_healthy,train
Apple_healthy/image (1171).JPG,Apple_healthy,train
Apple_healthy/image (1173).JPG,Apple_healthy,train
Apple_healthy/image (1174).JPG,Apple_healthy,train
Apple_healthy/image (1176).JPG,Apple_healthy,train
Apple_healthy/image (1177).JPG,Apple_healthy,train
Apple_healthy/image (1179).JPG,Apple_healthy,train
Apple_healthy/image (118).JPG,Apple_healthy,train
Apple_healthy/image (1180).JPG,Apple_healthy,train
Apple_healthy/image (1181).JPG,Apple_healthy,train
Apple_healthy/image (1182).JPG,Apple_healthy,train
Apple_healthy/image (1183).JPG,Apple_healthy,train
Apple_healthy/image (1186).JPG,Apple_healthy,train
Apple_healthy/image (1187).JPG,Apple_healthy,train
Apple_healthy/image (1188).JPG,Apple_healthy,train
Apple_healthy/image (119).JPG,Apple_healthy,train
Apple_healthy/image (1191).JPG,Apple_healthy,train
Apple_healthy/image (1193).JPG,Apple_healthy,train
Apple_healthy/image (1194).JPG,Apple_healthy,train
Apple_healthy/image (1195).JPG,Apple_healthy,train
Apple_healthy/image (1197).JPG,Apple_healthy,train
Apple_healthy/image (1198).JPG,Apple_healthy,train
Apple_healthy/image (1199).JPG,Apple_healthy,train
Apple_healthy/image (12).JPG,Apple_healthy,train
Apple_healthy/image (120).JPG,Apple_healthy,train
Apple_healthy/image (1200).JPG,Apple_healthy,train
Apple_healthy/image (1201).JPG,Apple_healthy,train
Apple_healthy/image (1202).JPG,Apple_healthy,train
Apple_healthy/image (1204).JPG,Apple_healthy,train
Apple_healthy/image (1205).JPG,Apple_healthy,train
Apple_healthy/image (1206).JPG,Apple_healthy,train
Apple_healthy/image (1207).JPG,Apple_healthy,train
Apple_healthy/image (1208).JPG,Apple_healthy,train
Apple_healthy/image (1209).JPG,Apple_healthy,train
Apple_healthy/image (121).JPG,Apple_healthy,train
Apple_healthy/image (1210).JPG,Apple_healthy,train
Apple_healthy/image (1211).JPG,Apple_healthy,train
Apple_healthy/image (1212).JPG,Apple_healthy,train
Apple_healthy/image (1213).JPG,Apple_healthy,train
Apple_healthy/image (1214).JPG,Apple_healthy,train
Apple_healthy/image (1215).JPG,Apple_healthy,train
Apple_healthy/image (1216).JPG,Apple_healthy,train
Apple_healthy/image (1217).JPG,Apple_healthy,train
Apple_healthy/image (1218).JPG,Apple_healthy,train
Apple_healthy/image (122).JPG,Apple_healthy,train
Apple_healthy/image (1220).JPG,Apple_healthy,train
Apple_healthy/image (1221).JPG,Apple_healthy,train
Apple_healthy/image (1222).JPG,Apple_healthy,train
Apple_healthy/image (1226).JPG,Apple_healthy,train
Apple_healthy/image (1227).JPG,Apple_healthy,train
Apple_healthy/image (1229).JPG,Apple_healthy,train
Apple_healthy/image (123).JPG,Apple_healthy,train
Apple_healthy/image (1230).JPG,Apple_healthy,train
Apple_healthy/image (1231).JPG,Apple_healthy,train
Apple_healthy/image (1232).JPG,Apple_healthy,train
Apple_healthy/image (1233).JPG,Apple_healthy,train
Apple_healthy/image (1234).JPG,Apple_healthy,train
Apple_healthy/image (1236).JPG,Apple_healthy,train
Apple_healthy/image (124).JPG,Apple_healthy,train
Apple_healthy/image (1240).JPG,Apple_healthy,train
Apple_healthy/image (1241).JPG,Apple_healthy,train
Apple_healthy/image (1242).JPG,Apple_healthy,train
Apple_healthy/image (1244).JPG,Apple_healthy,train
Apple_healthy/image (1247).JPG,Apple_healthy,train
Apple_healthy/image (1248).JPG,Apple_healthy,train
Apple_healthy/image (1249).JPG,Apple_healthy,train
Apple_healthy/image (125).JPG,Apple_healthy,train
Apple_healthy/image (1250).JPG,Apple_healthy,train
Apple_healthy/image (1251).JPG,Apple_healthy,train
Apple_healthy/image (1252).JPG,Apple_healthy,train
Apple_healthy/image (1253).JPG,Apple_healthy,train
Apple_healthy/image (1255).JPG,Apple_healthy,train
Apple_healthy/image (1256).JPG,Apple_healthy,train
Apple_healthy/image (1259).JPG,Apple_healthy,train
Apple_healthy/image (126).JPG,Apple_healthy,train
Apple_healthy/image (1260).JPG,Apple_healthy,train
Apple_healthy/image (1261).JPG,Apple_healthy,train
Apple_healthy/image (1262).JPG,Apple_healthy,train
Apple_healthy/image (1263).JPG,Apple_healthy,train
Apple_healthy/image (1264).JPG,Apple_healthy,train
Apple_healthy/image (1265).JPG,Apple_healthy,train
Apple_healthy/image (1267).JPG,Apple_healthy,train
Apple_healthy/image (127).JPG,Apple_healthy,train
Apple_healthy/image (1272).JPG,Apple_healthy,train
Apple_healthy/image (1273).JPG,Apple_healthy,train
Apple_healthy/image (1276).JPG,Apple_healthy,train
Apple_healthy/image (1277).JPG,Apple_healthy,train
Apple_healthy/image (1278).JPG,Apple_healthy,train
Apple_healthy/image (1279).JPG,Apple_healthy,train
Apple_healthy/image (128).JPG,Apple_healthy,train
Apple_healthy/image (1280).JPG,Apple_healthy,train
Apple_healthy/image (1282).JPG,Apple_healthy,train
Apple_healthy/image (1283).JPG,Apple_healthy,train
Apple_healthy/image (1284).JPG,Apple_healthy,train
Apple_healthy/image (1285).JPG,Apple_healthy,train
Apple_healthy/image (1286).JPG,Apple_healthy,train
Apple_healthy/image (1287).JPG,Apple_healthy,train
Apple_healthy/image (1288).JPG,Apple_healthy,train
Apple_healthy/image (129).JPG,Apple_healthy,train
Apple_healthy/image (1290).JPG,Apple_healthy,train
Apple_healthy/image (1293).JPG,Apple_healthy,train
Apple_healthy/image (1294).JPG,Apple_healthy,train
Apple_healthy/image (1295).JPG,Apple_healthy,train
Apple_healthy/image (1296).JPG,Apple_healthy,train
Apple_healthy/image (1297).JPG,Apple_healthy,train
Apple_healthy/image (1298).JPG,Apple_healthy,train
Apple_healthy/image (130).JPG,Apple_healthy,train
Apple_healthy/image (1300).JPG,Apple_healthy,train
Apple_healthy/image (1301).JPG,Apple_healthy,train
Apple_healthy/image (1302).JPG,Apple_healthy,train
Apple_healthy/image (1303).JPG,Apple_healthy,train
Apple_healthy/image (1304).JPG,Apple_healthy,train
Apple_healthy/image (1305).JPG,Apple_healthy,train
Apple_healthy/image (1306).JPG,Apple_healthy,train
Apple_healthy/image (1307).JPG,Apple_healthy,train
Apple_healthy/image (131).JPG,Apple_healthy,train
Apple_healthy/image (1310).JPG,Apple_healthy,train
Apple_healthy/image (1311).JPG,Apple_healthy,train
Apple_healthy/image (1312).JPG,Apple_healthy,train
Apple_healthy/image (1313).JPG,Apple_healthy,train
Apple_healthy/image (1314).JPG,Apple_healthy,train
Apple_healthy/image (1316).JPG,Apple_healthy,train
Apple_healthy/image (1317).JPG,Apple_healthy,train
Apple_healthy/image (1318).JPG,Apple_healthy,train
Apple_healthy/image (132).JPG,Apple_healthy,train
Apple_healthy/image (1320).JPG,Apple_healthy,train
Apple_healthy/image (1321).JPG,Apple_healthy,train
Apple_healthy/image (1322).JPG,Apple_healthy,train
Apple_healthy/image (1324).JPG,Apple_healthy,train
Apple_healthy/image (1326).JPG,Apple_healthy,train
Apple_healthy/image (1328).JPG,Apple_healthy,train
Apple_healthy/image (1329).JPG,Apple_healthy,train
Apple_healthy/image (133).JPG,Apple_healthy,train
Apple_healthy/image (1330).JPG,Apple_healthy,train
Apple_healthy/image (1331).JPG,Apple_healthy,train
Apple_healthy/image (1332).JPG,Apple_healthy,train
Apple_healthy/image (1333).JPG,Apple_healthy,train
Apple_healthy/image (1335).JPG,Apple_healthy,train
Apple_healthy/image (1337).JPG,Apple_healthy,train
Apple_healthy/image (1338).JPG,Apple_healthy,train
Apple_healthy/image (1339).JPG,Apple_healthy,train
Apple_healthy/image (134).JPG,Apple_healthy,train
Apple_healthy/image (1340).JPG,Apple_healthy,train
Apple_healthy/image (1341).JPG,Apple_healthy,train
Apple_healthy/image (1343).JPG,Apple_healthy,train
Apple_healthy/image (1344).JPG,Apple_healthy,train
Apple_healthy/image (1345).JPG,Apple_healthy,train
Apple_healthy/image (1346).JPG,Apple_healthy,train
Apple_healthy/image (1349).JPG,Apple_healthy,train
Apple_healthy/image (135).JPG,Apple_healthy,train
Apple_healthy/image (1350).JPG,Apple_healthy,train
Apple_healthy/image (1351).JPG,Apple_healthy,train
Apple_healthy/image (1352).JPG,Apple_healthy,train
Apple_healthy/image (1353).JPG,Apple_healthy,train
Apple_healthy/image (1354).JPG,Apple_healthy,train
Apple_healthy/image (1355).JPG,Apple_healthy,train
Apple_healthy/image (1356).JPG,Apple_healthy,train
Apple_healthy/image (1357).JPG,Apple_healthy,train
Apple_healthy/image (136).JPG,Apple_healthy,train
Apple_healthy/image (1360).JPG,Apple_healthy,train
Apple_healthy/image (1361).JPG,Apple_healthy,train
Apple_healthy/image (1362).JPG,Apple_healthy,train
Apple_healthy/image (1363).JPG,Apple_healthy,train
Apple_healthy/image (1364).JPG,Apple_healthy,train
Apple_healthy/image (1365).JPG,Apple_healthy,train
Apple_healthy/image (1366).JPG,Apple_healthy,train
Apple_healthy/image (1368).JPG,Apple_healthy,train
Apple_healthy/image (1369).JPG,Apple_healthy,train
Apple_healthy/image (1371).JPG,Apple_healthy,train
Apple_healthy/image (1372).JPG,Apple_healthy,train
Apple_healthy/image (1373).JPG,Apple_healthy,train
Apple_healthy/image (1374).JPG,Apple_healthy,train
Apple_healthy/image (1375).JPG,Apple_healthy,train
Apple_healthy/image (1376).JPG,Apple_healthy,train
Apple_healthy/image (1377).JPG,Apple_healthy,train
Apple_healthy/image (1379).JPG,Apple_healthy,train
Apple_healthy/image (138).JPG,Apple_healthy,train
Apple_healthy/image (1380).JPG,Apple_healthy,train
Apple_healthy/image (1381).JPG,Apple_healthy,train
Apple_healthy/image (1382).JPG,Apple_healthy,train
Apple_healthy/image (1383).JPG,Apple_healthy,train
Apple_healthy/image (1385).JPG,Apple_healthy,train
Apple_healthy/image (1387).JPG,Apple_healthy,train
Apple_healthy/image (1388).JPG,Apple_healthy,train
Apple_healthy/image (1389).JPG,Apple_healthy,train
Apple_healthy/image (139).JPG,Apple_healthy,train
Apple_healthy/image (1391).JPG,Apple_healthy,train
Apple_healthy/image (1392).JPG,Apple_healthy,train
Apple_healthy/image (1393).JPG,Apple_healthy,train
Apple_healthy/image (1394).JPG,Apple_healthy,train
Apple_healthy/image (1395).JPG,Apple_healthy,train
Apple_healthy/image (1397).JPG,Apple_healthy,train
Apple_healthy/image (1398).JPG,Apple_healthy,train
Apple_healthy/image (140).JPG,Apple_healthy,train
Apple_healthy/image (1400).JPG,Apple_healthy,train
Apple_healthy/image (1401).JPG,Apple_healthy,train
Apple_healthy/image (1402).JPG,Apple_healthy,train
Apple_healthy/image (1403).JPG,Apple_healthy,train
Apple_healthy/image (1404).JPG,Apple_healthy,train
Apple_healthy/image (1405).JPG,Apple_healthy,train
Apple_healthy/image (1406).JPG,Apple_healthy,train
Apple_healthy/image (1407).JPG,Apple_healthy,train
Apple_healthy/image (1408).JPG,Apple_healthy,train
Apple_healthy/image (1411).JPG,Apple_healthy,train
Apple_healthy/image (1412).JPG,Apple_healthy,train
Apple_healthy/image (1413).JPG,Apple_healthy,train
Apple_healthy/image (1414).JPG,Apple_healthy,train
Apple_healthy/image (1415).JPG,Apple_healthy,train
Apple_healthy/image (1416).JPG,Apple_healthy,train
Apple_healthy/image (1417).JPG,Apple_healthy,train
Apple_healthy/image (1419).JPG,Apple_healthy,train
Apple_healthy/image (142).JPG,Apple_healthy,train
Apple_healthy/image (1420).JPG,Apple_healthy,train
Apple_healthy/image (1421).JPG,Apple_healthy,train
Apple_healthy/image (1422).JPG,Apple_healthy,train
Apple_healthy/image (1423).JPG,Apple_healthy,train
Apple_healthy/image (1424).JPG,Apple_healthy,train
Apple_healthy/image (1425).JPG,Apple_healthy,train
Apple_healthy/image (1426).JPG,Apple_healthy,train
Apple_healthy/image (1427).JPG,Apple_healthy,train
Apple_healthy/image (1429).JPG,Apple_healthy,train
Apple_healthy/image (143).JPG,Apple_healthy,train
Apple_healthy/image (1430).JPG,Apple_healthy,train
Apple_healthy/image (1431).JPG,Apple_healthy,train
Apple_healthy/image (1432).JPG,Apple_healthy,train
Apple_healthy/image (1434).JPG,Apple_healthy,train
Apple_healthy/image (1435).JPG,Apple_healthy,train
Apple_healthy/image (1437).JPG,Apple_healthy,train
Apple_healthy/image (1438).JPG,Apple_healthy,train
Apple_healthy/image (1439).JPG,Apple_healthy,train
Apple_healthy/image (144).JPG,Apple_healthy,train
Apple_healthy/image (1440).JPG,Apple_healthy,train
Apple_healthy/image (1441).JPG,Apple_healthy,train
Apple_healthy/image (1442).JPG,Apple_healthy,train
Apple_healthy/image (1443).JPG,Apple_healthy,train
Apple_healthy/image (1444).JPG,Apple_healthy,train
Apple_healthy/image (1446).JPG,Apple_healthy,train
Apple_healthy/image (1447).JPG,Apple_healthy,train
Apple_healthy/image (1448).JPG,Apple_healthy,train
Apple_healthy/image (1449).JPG,Apple_healthy,train
Apple_healthy/image (145).JPG,Apple_healthy,train
Apple_healthy/image (1450).JPG,Apple_healthy,train
Apple_healthy/image (1452).JPG,Apple_healthy,train
Apple_healthy/image (1453).JPG,Apple_healthy,train
Apple_healthy/image (1454).JPG,Apple_healthy,train
Apple_healthy/image (1456).JPG,Apple_healthy,train
Apple_healthy/image (1457).JPG,Apple_healthy,train
Apple_healthy/image (146).JPG,Apple_healthy,train
Apple_healthy/image (1460).JPG,Apple_healthy,train
Apple_healthy/image (1461).JPG,Apple_healthy,train
Apple_healthy/image (1462).JPG,Apple_healthy,train
Apple_healthy/image (1463).JPG,Apple_healthy,train
Apple_healthy/image (1464).JPG,Apple_healthy,train
Apple_healthy/image (1466).JPG,Apple_healthy,train
Apple_healthy/image (1467).JPG,Apple_healthy,train
Apple_healthy/image (1469).JPG,Apple_healthy,train
Apple_healthy/image (1470).JPG,Apple_healthy,train
Apple_healthy/image (1471).JPG,Apple_healthy,train
Apple_healthy/image (1472).JPG,Apple_healthy,train
Apple_healthy/image (1475).JPG,Apple_healthy,train
Apple_healthy/image (1478).JPG,Apple_healthy,train
Apple_healthy/image (1479).JPG,Apple_healthy,train
Apple_healthy/image (1480).JPG,Apple_healthy,train
Apple_healthy/image (1481).JPG,Apple_healthy,train
Apple_healthy/image (1483).JPG,Apple_healthy,train
Apple_healthy/image (1484).JPG,Apple_healthy,train
Apple_healthy/image (1486).JPG,Apple_healthy,train
Apple_healthy/image (1487).JPG,Apple_healthy,train
Apple_healthy/image (1488).JPG,Apple_healthy,train
Apple_healthy/image (1489).JPG,Apple_healthy,train
Apple_healthy/image (149).JPG,Apple_healthy,train
Apple_healthy/image (1490).JPG,Apple_healthy,train
Apple_healthy/image (1491).JPG,Apple_healthy,train
Apple_healthy/image (1492).JPG,Apple_healthy,train
Apple_healthy/image (1493).JPG,Apple_healthy,train
Apple_healthy/image (1494).JPG,Apple_healthy,train
Apple_healthy/image (1495).JPG,Apple_healthy,train
Apple_healthy/image (1497).JPG,Apple_healthy,train
Apple_healthy/image (1498).JPG,Apple_healthy,train
Apple_healthy/image (150).JPG,Apple_healthy,train
Apple_healthy/image (1500).JPG,Apple_healthy,train
Apple_healthy/image (1501).JPG,Apple_healthy,train
Apple_healthy/image (1502).JPG,Apple_healthy,train
Apple_healthy/image (1503).JPG,Apple_healthy,train
Apple_healthy/image (1504).JPG,Apple_healthy,train
Apple_healthy/image (1505).JPG,Apple_healthy,train
Apple_healthy/image (1506).JPG,Apple_healthy,train
Apple_healthy/image (1507).JPG,Apple_healthy,train
Apple_healthy/image (1508).JPG,Apple_healthy,train
Apple_healthy/image (1509).JPG,Apple_healthy,train
Apple_healthy/image (151).JPG,Apple_healthy,train
Apple_healthy/image (1510).JPG,Apple_healthy,train
Apple_healthy/image (1511).JPG,Apple_healthy,train
Apple_healthy/image (1512).JPG,Apple_healthy,train
Apple_healthy/image (1513).JPG,Apple_healthy,train
Apple_healthy/image (1515).JPG,Apple_healthy,train
Apple_healthy/image (1516).JPG,Apple_healthy,train
Apple_healthy/image (1517).JPG,Apple_healthy,train
Apple_healthy/image (1519).JPG,Apple_healthy,train
Apple_healthy/image (152).JPG,Apple_healthy,train
Apple_healthy/image (1521).JPG,Apple_healthy,train
Apple_healthy/image (1522).JPG,Apple_healthy,train
Apple_healthy/image (1523).JPG,Apple_healthy,train
Apple_healthy/image (1525).JPG,Apple_healthy,train
Apple_healthy/image (1526).JPG,Apple_healthy,train
Apple_healthy/image (1527).JPG,Apple_healthy,train
Apple_healthy/image (1528).JPG,Apple_healthy,train
Apple_healthy/image (1529).JPG,Apple_healthy,train
Apple_healthy/image (153).JPG,Apple_healthy,train
Apple_healthy/image (1530).JPG,Apple_healthy,train
Apple_healthy/image (1531).JPG,Apple_healthy,train
Apple_healthy/image (1533).JPG,Apple_healthy,train
Apple_healthy/image (1534).JPG,Apple_healthy,train
Apple_healthy/image (1535).JPG,Apple_healthy,train
Apple_healthy/image (1536).JPG,Apple_healthy,train
Apple_healthy/image (1537).JPG,Apple_healthy,train
Apple_healthy/image (1538).JPG,Apple_healthy,train
Apple_healthy/image (1539).JPG,Apple_healthy,train
Apple_healthy/image (154).JPG,Apple_healthy,train
Apple_healthy/image (1540).JPG,Apple_healthy,train
Apple_healthy/image (1541).JPG,Apple_healthy,train
Apple_healthy/image (1542).JPG,Apple_healthy,train
Apple_healthy/image (1543).JPG,Apple_healthy,train
Apple_healthy/image (1544).JPG,Apple_healthy,train
Apple_healthy/image (1545).JPG,Apple_healthy,train
Apple_healthy/image (1546).JPG,Apple_healthy,train
Apple_healthy/image (1548).JPG,Apple_healthy,train
Apple_healthy/image (1549).JPG,Apple_healthy,train
Apple_healthy/image (155).JPG,Apple_healthy,train
Apple_healthy/image (1550).JPG,Apple_healthy,train
Apple_healthy/image (1551).JPG,Apple_healthy,train
Apple_healthy/image (1553).JPG,Apple_healthy,train
Apple_healthy/image (1554).JPG,Apple_healthy,train
Apple_healthy/image (1555).JPG,Apple_healthy,train
Apple_healthy/image (1556).JPG,Apple_healthy,train
Apple_healthy/image (1557).JPG,Apple_healthy,train
Apple_healthy/image (1558).JPG,Apple_healthy,train
Apple_healthy/image (1559).JPG,Apple_healthy,train
Apple_healthy/image (156).JPG,Apple_healthy,train
Apple_healthy/image (1560).JPG,Apple_healthy,train
Apple_healthy/image (1561).JPG,Apple_healthy,train
Apple_healthy/image (1563).JPG,Apple_healthy,train
Apple_healthy/image (1564).JPG,Apple_healthy,train
Apple_healthy/image (1565).JPG,Apple_healthy,train
Apple_healthy/image (1566).JPG,Apple_healthy,train
Apple_healthy/image (1568).JPG,Apple_healthy,train
Apple_healthy/image (1569).JPG,Apple_healthy,train
Apple_healthy/image (157).JPG,Apple_healthy,train
Apple_healthy/image (1571).JPG,Apple_healthy,train
Apple_healthy/image (1572).JPG,Apple_healthy,train
Apple_healthy/image (1573).JPG,Apple_healthy,train
Apple_healthy/image (1574).JPG,Apple_healthy,train
Apple_healthy/image (1578).JPG,Apple_healthy,train
Apple_healthy/image (1579).JPG,Apple_healthy,train
Apple_healthy/image (158).JPG,Apple_healthy,train
Apple_healthy/image (1580).JPG,Apple_healthy,train
Apple_healthy/image (1582).JPG,Apple_healthy,train
Apple_healthy/image (1584).JPG,Apple_healthy,train
Apple_healthy/image (1585).JPG,Apple_healthy,train
Apple_healthy/image (1586).JPG,Apple_healthy,train
Apple_healthy/image (1587).JPG,Apple_healthy,train
Apple_healthy/image (1588).JPG,Apple_healthy,train
Apple_healthy/image (1589).JPG,Apple_healthy,train
Apple_healthy/image (159).JPG,Apple_healthy,train
Apple_healthy/image (1590).JPG,Apple_healthy,train
Apple_healthy/image (1591).JPG,Apple_healthy,train
Apple_healthy/image (1592).JPG,Apple_healthy,train
Apple_healthy/image (1593).JPG,Apple_healthy,train
Apple_healthy/image (1594).JPG,Apple_healthy,train
Apple_healthy/image (1595).JPG,Apple_healthy,train
Apple_healthy/image (1596).JPG,Apple_healthy,train
Apple_healthy/image (1597).JPG,Apple_healthy,train
Apple_healthy/image (1598).JPG,Apple_healthy,train
Apple_healthy/image (1599).JPG,Apple_healthy,train
Apple_healthy/image (1600).JPG,Apple_healthy,train
Apple_healthy/image (1601).JPG,Apple_healthy,train
Apple_healthy/image (1602).JPG,Apple_healthy,train
Apple_healthy/image (1603).JPG,Apple_healthy,train
Apple_healthy/image (1604).JPG,Apple_healthy,train
Apple_healthy/image (1605).JPG,Apple_healthy,train
Apple_healthy/image (1606).JPG,Apple_healthy,train
Apple_healthy/image (1607).JPG,Apple_healthy,train
Apple_healthy/image (1608).JPG,Apple_healthy,train
Apple_healthy/image (1609).JPG,Apple_healthy,train
Apple_healthy/image (161).JPG,Apple_healthy,train
Apple_healthy/image (1610).JPG,Apple_healthy,train
Apple_healthy/image (1611).JPG,Apple_healthy,train
Apple_healthy/image (1612).JPG,Apple_healthy,train
Apple_healthy/image (1615).JPG,Apple_healthy,train
Apple_healthy/image (1616).JPG,Apple_healthy,train
Apple_healthy/image (1617).JPG,Apple_healthy,train
Apple_healthy/image (1618).JPG,Apple_healthy,train
Apple_healthy/image (162).JPG,Apple_healthy,train
Apple_healthy/image (1620).JPG,Apple_healthy,train
Apple_healthy/image (1621).JPG,Apple_healthy,train
Apple_healthy/image (1622).JPG,Apple_healthy,train
Apple_healthy/image (1623).JPG,Apple_healthy,train
Apple_healthy/image (1625).JPG,Apple_healthy,train
Apple_healthy/image (1626).JPG,Apple_healthy,train
Apple_healthy/image (1627).JPG,Apple_healthy,train
Apple_healthy/image (1628).JPG,Apple_healthy,train
Apple_healthy/image (1629).JPG,Apple_healthy,train
Apple_healthy/image (1630).JPG,Apple_healthy,train
Apple_healthy/image (1631).JPG,Apple_healthy,train
Apple_healthy/image (1632).JPG,Apple_healthy,train
Apple_healthy/image (1634).JPG,Apple_healthy,train
Apple_healthy/image (1635).JPG,Apple_healthy,train
Apple_healthy/image (1636).JPG,Apple_healthy,train
Apple_healthy/image (1637).JPG,Apple_healthy,train
Apple_healthy/image (1638).JPG,Apple_healthy,train
Apple_healthy/image (1639).JPG,Apple_healthy,train
Apple_healthy/image (164).JPG,Apple_healthy,train
Apple_healthy/image (1640).JPG,Apple_healthy,train
Apple_healthy/image (165).JPG,Apple_healthy,train
Apple_healthy/image (166).JPG,Apple_healthy,train
Apple_healthy/image (167).JPG,Apple_healthy,train
Apple_healthy/image (168).JPG,Apple_healthy,train
Apple_healthy/image (169).JPG,Apple_healthy,train
Apple_healthy/image (17).JPG,Apple_healthy,train
Apple_healthy/image (170).JPG,Apple_healthy,train
Apple_healthy/image (171).JPG,Apple_healthy,train
Apple_healthy/image (172).JPG,Apple_healthy,train
Apple_healthy/image (173).JPG,Apple_healthy,train
Apple_healthy/image (175).JPG,Apple_healthy,train
Apple_healthy/image (176).JPG,Apple_healthy,train
Apple_healthy/image (177).JPG,Apple_healthy,train
Apple_healthy/image (179).JPG,Apple_healthy,train
Apple_healthy/image (18).JPG,Apple_healthy,train
Apple_healthy/image (180).JPG,Apple_healthy,train
Apple_healthy/image (181).JPG,Apple_healthy,train
Apple_healthy/image (183).JPG,Apple_healthy,train
Apple_healthy/image (184).JPG,Apple_healthy,train
Apple_healthy/image (186).JPG,Apple_healthy,train
Apple_healthy/image (187).JPG,Apple_healthy,train
Apple_healthy/image (188).JPG,Apple_healthy,train
Apple_healthy/image (189).JPG,Apple_healthy,train
Apple_healthy/image (19).JPG,Apple_healthy,train
Apple_healthy/image (190).JPG,Apple_healthy,train
Apple_healthy/image (192).JPG,Apple_healthy,train
Apple_healthy/image (193).JPG,Apple_healthy,train
Apple_healthy/image (195).JPG,Apple_healthy,train
Apple_healthy/image (196).JPG,Apple_healthy,train
Apple_healthy/image (197).JPG,Apple_healthy,train
Apple_healthy/image (199).JPG,Apple_healthy,train
Apple_healthy/image (2).JPG,Apple_healthy,train
Apple_healthy/image (200).JPG,Apple_healthy,train
Apple_healthy/image (201).JPG,Apple_healthy,train
Apple_healthy/image (202).JPG,Apple_healthy,train
Apple_healthy/image (203).JPG,Apple_healthy,train
Apple_healthy/image (204).JPG,Apple_healthy,train
Apple_healthy/image (205).JPG,Apple_healthy,train
Apple_healthy/image (206).JPG,Apple_healthy,train
Apple_healthy/image (207).JPG,Apple_healthy,train
Apple_healthy/image (209).JPG,Apple_healthy,train
Apple_healthy/image (210).JPG,Apple_healthy,train
Apple_healthy/image (211).JPG,Apple_healthy,train
Apple_healthy/image (212).JPG,Apple_healthy,train
Apple_healthy/image (213).JPG,Apple_healthy,train
Apple_healthy/image (214).JPG,Apple_healthy,train
Apple_healthy/image (215).JPG,Apple_healthy,train
Apple_healthy/image (216).JPG,Apple_healthy,train
Apple_healthy/image (217).JPG,Apple_healthy,train
Apple_healthy/image (218).JPG,Apple_healthy,train
Apple_healthy/image (22).JPG,Apple_healthy,train
Apple_healthy/image (220).JPG,Apple_healthy,train
Apple_healthy/image (221).JPG,Apple_healthy,train
Apple_healthy/image (222).JPG,Apple_healthy,train
Apple_healthy/image (223).JPG,Apple_healthy,train
Apple_healthy/image (224).JPG,Apple_healthy,train
Apple_healthy/image (225).JPG,Apple_healthy,train
Apple_healthy/image (226).JPG,Apple_healthy,train
Apple_healthy/image (227).JPG,Apple_healthy,train
Apple_healthy/image (228).JPG,Apple_healthy,train
Apple_healthy/image (229).JPG,Apple_healthy,train
Apple_healthy/image (23).JPG,Apple_healthy,train
Apple_healthy/image (230).JPG,Apple_healthy,train
Apple_healthy/image (232).JPG,Apple_healthy,train
Apple_healthy/image (233).JPG,Apple_healthy,train
Apple_healthy/image (234).JPG,Apple_healthy,train
Apple_healthy/image (235).JPG,Apple_healthy,train
Apple_healthy/image (238).JPG,Apple_healthy,train
Apple_healthy/image (239).JPG,Apple_healthy,train
Apple_healthy/image (24).JPG,Apple_healthy,train
Apple_healthy/image (240).JPG,Apple_healthy,train
Apple_healthy/image (242).JPG,Apple_healthy,train
Apple_healthy/image (243).JPG,Apple_healthy,train
Apple_healthy/image (244).JPG,Apple_healthy,train
Apple_healthy/image (245).JPG,Apple_healthy,train
Apple_healthy/image (246).JPG,Apple_healthy,train
Apple_healthy/image (247).JPG,Apple_healthy,train
Apple_healthy/image (248).JPG,Apple_healthy,train
Apple_healthy/image (249).JPG,Apple_healthy,train
Apple_healthy/image (25).JPG,Apple_healthy,train
Apple_healthy/image (250).JPG,Apple_healthy,train
Apple_healthy/image (251).JPG,Apple_healthy,train
Apple_healthy/image (252).JPG,Apple_healthy,train
Apple_healthy/image (253).JPG,Apple_healthy,train
Apple_healthy/image (255).JPG,Apple_healthy,train
Apple_healthy/image (256).JPG,Apple_healthy,train
Apple_healthy/image (257).JPG,Apple_healthy,train
Apple_healthy/image (258).JPG,Apple_healthy,train
Apple_healthy/image (259).JPG,Apple_healthy,train
Apple_healthy/image (260).JPG,Apple_healthy,train
Apple_healthy/image (263).JPG,Apple_healthy,train
Apple_healthy/image (264).JPG,Apple_healthy,train
Apple_healthy/image (265).JPG,Apple_healthy,train
Apple_healthy/image (266).JPG,Apple_healthy,train
Apple_healthy/image (267).JPG,Apple_healthy,train
Apple_healthy/image (268).JPG,Apple_healthy,train
Apple_healthy/image (269).JPG,Apple_healthy,train
Apple_healthy/image (27).JPG,Apple_healthy,train
Apple_healthy/image (271).JPG,Apple_healthy,train
Apple_healthy/image (272).JPG,Apple_healthy,train
Apple_healthy/image (273).JPG,Apple_healthy,train
Apple_healthy/image (274).JPG,Apple_healthy,train
Apple_healthy/image (275).JPG,Apple_healthy,train
Apple_healthy/image (277).JPG,Apple_healthy,train
Apple_healthy/image (278).JPG,Apple_healthy,train
Apple_healthy/image (279).JPG,Apple_healthy,train
Apple_healthy/image (28).JPG,Apple_healthy,train
Apple_healthy/image (280).JPG,Apple_healthy,train
Apple_healthy/image (281).JPG,Apple_healthy,train
Apple_healthy/image (282).JPG,Apple_healthy,train
Apple_healthy/image (283).JPG,Apple_healthy,train
Apple_healthy/image (284).JPG,Apple_healthy,train
Apple_healthy/image (286).JPG,Apple_healthy,train
Apple_healthy/image (287).JPG,Apple_healthy,train
Apple_healthy/image (288).JPG,Apple_healthy,train
Apple_healthy/image (289).JPG,Apple_healthy,train
Apple_healthy/image (29).JPG,Apple_healthy,train
Apple_healthy/image (290).JPG,Apple_healthy,train
Apple_healthy/image (292).JPG,Apple_healthy,train
Apple_healthy/image (295).JPG,Apple_healthy,train
Apple_healthy/image (297).JPG,Apple_healthy,train
Apple_healthy/image (3).JPG,Apple_healthy,train
Apple_healthy/image (300).JPG,Apple_healthy,train
Apple_healthy/image (301).JPG,Apple_healthy,train
Apple_healthy/image (303).JPG,Apple_healthy,train
Apple_healthy/image (304).JPG,Apple_healthy,train
Apple_healthy/image (305).JPG,Apple_healthy,train
Apple_healthy/image (306).JPG,Apple_healthy,train
Apple_healthy/image (307).JPG,Apple_healthy,train
Apple_healthy/image (309).JPG,Apple_healthy,train
Apple_healthy/image (31).JPG,Apple_healthy,train
Apple_healthy/image (310).JPG,Apple_healthy,train
Apple_healthy/image (311).JPG,Apple_healthy,train
Apple_healthy/image (312).JPG,Apple_healthy,train
Apple_healthy/image (313).JPG,Apple_healthy,train
Apple_healthy/image (314).JPG,Apple_healthy,train
Apple_healthy/image (316).JPG,Apple_healthy,train
Apple_healthy/image (318).JPG,Apple_healthy,train
Apple_healthy/image (319).JPG,Apple_healthy,train
Apple_healthy/image (320).JPG,Apple_healthy,train
Apple_healthy/image (321).JPG,Apple_healthy,train
Apple_healthy/image (322).JPG,Apple_healthy,train
Apple_healthy/image (323).JPG,Apple_healthy,train
Apple_healthy/image (324).JPG,Apple_healthy,train
Apple_healthy/image (325).JPG,Apple_healthy,train
Apple_healthy/image (326).JPG,Apple_healthy,train
Apple_healthy/image (327).JPG,Apple_healthy,train
Apple_healthy/image (328).JPG,Apple_healthy,train
Apple_healthy/image (329).JPG,Apple_healthy,train
Apple_healthy/image (33).JPG,Apple_healthy,train
Apple_healthy/image (330).JPG,Apple_healthy,train
Apple_healthy/image (331).JPG,Apple_healthy,train
Apple_healthy/image (332).JPG,Apple_healthy,train
Apple_healthy/image (333).JPG,Apple_healthy,train
Apple_healthy/image (334).JPG,Apple_healthy,train
Apple_healthy/image (335).JPG,Apple_healthy,train
Apple_healthy/image (336).JPG,Apple_healthy,train
Apple_healthy/image (337).JPG,Apple_healthy,train
Apple_healthy/image (338).JPG,Apple_healthy,train
Apple_healthy/image (339).JPG,Apple_healthy,train
Apple_healthy/image (34).JPG,Apple_healthy,train
Apple_healthy/image (343).JPG,Apple_healthy,train
Apple_healthy/image (345).JPG,Apple_healthy,train
Apple_healthy/image (347).JPG,Apple_healthy,train
Apple_healthy/image (348).JPG,Apple_healthy,train
Apple_healthy/image (349).JPG,Apple_healthy,train
Apple_healthy/image (350).JPG,Apple_healthy,train
Apple_healthy/image (351).JPG,Apple_healthy,train
Apple_healthy/image (352).JPG,Apple_healthy,train
Apple_healthy/image (353).JPG,Apple_healthy,train
Apple_healthy/image (356).JPG,Apple_healthy,train
Apple_healthy/image (358).JPG,Apple_healthy,train
Apple_healthy/image (359).JPG,Apple_healthy,train
Apple_healthy/image (36).JPG,Apple_healthy,train
Apple_healthy/image (360).JPG,Apple_healthy,train
Apple_healthy/image (361).JPG,Apple_healthy,train
Apple_healthy/image (362).JPG,Apple_healthy,train
Apple_healthy/image (363).JPG,Apple_healthy,train
Apple_healthy/image (364).JPG,Apple_healthy,train
Apple_healthy/image (365).JPG,Apple_healthy,train
Apple_healthy/image (366).JPG,Apple_healthy,train
Apple_healthy/image (367).JPG,Apple_healthy,train
Apple_healthy/image (369).JPG,Apple_healthy,train
Apple_healthy/image (37).JPG,Apple_healthy,train
Apple_healthy/image (370).JPG,Apple_healthy,train
Apple_healthy/image (372).JPG,Apple_healthy,train
Apple_healthy/image (373).JPG,Apple_healthy,train
Apple_healthy/image (374).JPG,Apple_healthy,train
Apple_healthy/image (375).JPG,Apple_healthy,train
Apple_healthy/image (379).JPG,Apple_healthy,train
Apple_healthy/image (38).JPG,Apple_healthy,train
Apple_healthy/image (380).JPG,Apple_healthy,train
Apple_healthy/image (381).JPG,Apple_healthy,train
Apple_healthy/image (383).JPG,Apple_healthy,train
Apple_healthy/image (384).JPG,Apple_healthy,train
Apple_healthy/image (385).JPG,Apple_healthy,train
Apple_healthy/image (386).JPG,Apple_healthy,train
Apple_healthy/image (387).JPG,Apple_healthy,train
Apple_healthy/image (388).JPG,Apple_healthy,train
Apple_healthy/image (389).JPG,Apple_healthy,train
Apple_healthy/image (39).JPG,Apple_healthy,train
Apple_healthy/image (391).JPG,Apple_healthy,train
Apple_healthy/image (392).JPG,Apple_healthy,train
Apple_healthy/image (393).JPG,Apple_healthy,train
Apple_healthy/image (394).JPG,Apple_healthy,train
Apple_healthy/image (395).JPG,Apple_healthy,train
Apple_healthy/image (396).JPG,Apple_healthy,train
Apple_healthy/image (397).JPG,Apple_healthy,train
Apple_healthy/image (399).JPG,Apple_healthy,train
Apple_healthy/image (4).JPG,Apple_healthy,train
Apple_healthy/image (40).JPG,Apple_healthy,train
Apple_healthy/image (400).JPG,Apple_healthy,train
Apple_healthy/image (402).JPG,Apple_healthy,train
Apple_healthy/image (404).JPG,Apple_healthy,train
Apple_healthy/image (406).JPG,Apple_healthy,train
Apple_healthy/image (407).JPG,Apple_healthy,train
Apple_healthy/image (41).JPG,Apple_healthy,train
Apple_healthy/image (410).JPG,Apple_healthy,train
Apple_healthy/image (411).JPG,Apple_healthy,train
Apple_healthy/image (412).JPG,Apple_healthy,train
Apple_healthy/image (413).JPG,Apple_healthy,train
Apple_healthy/image (414).JPG,Apple_healthy,train
Apple_healthy/image (415).JPG,Apple_healthy,train
Apple_healthy/image (416).JPG,Apple_healthy,train
Apple_healthy/image (417).JPG,Apple_healthy,train
Apple_healthy/image (418).JPG,Apple_healthy,train
Apple_healthy/image (42).JPG,Apple_healthy,train
Apple_healthy/image (420).JPG,Apple_healthy,train
Apple_healthy/image (421).JPG,Apple_healthy,train
Apple_healthy/image (422).JPG,Apple_healthy,train
Apple_healthy/image (423).JPG,Apple_healthy,train
Apple_healthy/image (424).JPG,Apple_healthy,train
Apple_healthy/image (425).JPG,Apple_healthy,train
Apple_healthy/image (426).JPG,Apple_healthy,train
Apple_healthy/image (427).JPG,Apple_healthy,train
Apple_healthy/image (428).JPG,Apple_healthy,train
Apple_healthy/image (429).JPG,Apple_healthy,train
Apple_healthy/image (43).JPG,Apple_healthy,train
Apple_healthy/image (432).JPG,Apple_healthy,train
Apple_healthy/image (433).JPG,Apple_healthy,train
Apple_healthy/image (435).JPG,Apple_healthy,train
Apple_healthy/image (437).JPG,Apple_healthy,train
Apple_healthy/image (438).JPG,Apple_healthy,train
Apple_healthy/image (439).JPG,Apple_healthy,train
Apple_healthy/image (44).JPG,Apple_healthy,train
Apple_healthy/image (440).JPG,Apple_healthy,train
Apple_healthy/image (441).JPG,Apple_healthy,train
Apple_healthy/image (442).JPG,Apple_healthy,train
Apple_healthy/image (443).JPG,Apple_healthy,train
Apple_healthy/image (444).JPG,Apple_healthy,train
Apple_healthy/image (445).JPG,Apple_healthy,train
Apple_healthy/image (447).JPG,Apple_healthy,train
Apple_healthy/image (448).JPG,Apple_healthy,train
Apple_healthy/image (449).JPG,Apple_healthy,train
Apple_healthy/image (450).JPG,Apple_healthy,train
Apple_healthy/image (451).JPG,Apple_healthy,train
Apple_healthy/image (452).JPG,Apple_healthy,train
Apple_healthy/image (454).JPG,Apple_healthy,train
Apple_healthy/image (455).JPG,Apple_healthy,train
Apple_healthy/image (456).JPG,Apple_healthy,train
Apple_healthy/image (457).JPG,Apple_healthy,train
Apple_healthy/image (458).JPG,Apple_healthy,train
Apple_healthy/image (459).JPG,Apple_healthy,train
Apple_healthy/image (46).JPG,Apple_healthy,train
Apple_healthy/image (460).JPG,Apple_healthy,train
Apple_healthy/image (461).JPG,Apple_healthy,train
Apple_healthy/image (462).JPG,Apple_healthy,train
Apple_healthy/image (463).JPG,Apple_healthy,train
Apple_healthy/image (464).JPG,Apple_healthy,train
Apple_healthy/image (465).JPG,Apple_healthy,train
Apple_healthy/image (466).JPG,Apple_healthy,train
Apple_healthy/image (468).JPG,Apple_healthy,train
Apple_healthy/image (469).JPG,Apple_healthy,train
Apple_healthy/image (47).JPG,Apple_healthy,train
Apple_healthy/image (470).JPG,Apple_healthy,train
Apple_healthy/image (471).JPG,Apple_healthy,train
Apple_healthy/image (472).JPG,Apple_healthy,train
Apple_healthy/image (474).JPG,Apple_healthy,train
Apple_healthy/image (475).JPG,Apple_healthy,train
Apple_healthy/image (477).JPG,Apple_healthy,train
Apple_healthy/image (478).JPG,Apple_healthy,train
Apple_healthy/image (479).JPG,Apple_healthy,train
Apple_healthy/image (480).JPG,Apple_healthy,train
Apple_healthy/image (481).JPG,Apple_healthy,train
Apple_healthy/image (482).JPG,Apple_healthy,train
Apple_healthy/image (484).JPG,Apple_healthy,train
Apple_healthy/image (485).JPG,Apple_healthy,train
Apple_healthy/image (486).JPG,Apple_healthy,train
Apple_healthy/image (488).JPG,Apple_healthy,train
Apple_healthy/image (489).JPG,Apple_healthy,train
Apple_healthy/image (49).JPG,Apple_healthy,train
Apple_healthy/image (490).JPG,Apple_healthy,train
Apple_healthy/image (491).JPG,Apple_healthy,train
Apple_healthy/image (492).JPG,Apple_healthy,train
Apple_healthy/image (493).JPG,Apple_healthy,train
Apple_healthy/image (494).JPG,Apple_healthy,train
Apple_healthy/image (495).JPG,Apple_healthy,train
Apple_healthy/image (497).JPG,Apple_healthy,train
Apple_healthy/image (498).JPG,Apple_healthy,train
Apple_healthy/image (499).JPG,Apple_healthy,train
Apple_healthy/image (50).JPG,Apple_healthy,train
Apple_healthy/image (500).JPG,Apple_healthy,train
Apple_healthy/image (501).JPG,Apple_healthy,train
Apple_healthy/image (502).JPG,Apple_healthy,train
Apple_healthy/image (504).JPG,Apple_healthy,train
Apple_healthy/image (505).JPG,Apple_healthy,train
Apple_healthy/image (506).JPG,Apple_healthy,train
Apple_healthy/image (507).JPG,Apple_healthy,train
Apple_healthy/image (51).JPG,Apple_healthy,train
Apple_healthy/image (511).JPG,Apple_healthy,train
Apple_healthy/image (512).JPG,Apple_healthy,train
Apple_healthy/image (513).JPG,Apple_healthy,train
Apple_healthy/image (514).JPG,Apple_healthy,train
Apple_healthy/image (515).JPG,Apple_healthy,train
Apple_healthy/image (516).JPG,Apple_healthy,train
Apple_healthy/image (517).JPG,Apple_healthy,train
Apple_healthy/image (518).JPG,Apple_healthy,train
Apple_healthy/image (52).JPG,Apple_healthy,train
Apple_healthy/image (521).JPG,Apple_healthy,train
Apple_healthy/image (522).JPG,Apple_healthy,train
Apple_healthy/image (523).JPG,Apple_healthy,train
Apple_healthy/image (524).JPG,Apple_healthy,train
Apple_healthy/image (525).JPG,Apple_healthy,train
Apple_healthy/image (526).JPG,Apple_healthy,train
Apple_healthy/image (528).JPG,Apple_healthy,train
Apple_healthy/image (529).JPG,Apple_healthy,train
Apple_healthy/image (53).JPG,Apple_healthy,train
Apple_healthy/image (530).JPG,Apple_healthy,train
Apple_healthy/image (531).JPG,Apple_healthy,train
Apple_healthy/image (533).JPG,Apple_healthy,train
Apple_healthy/image (534).JPG,Apple_healthy,train
Apple_healthy/image (535).JPG,Apple_healthy,train
Apple_healthy/image (536).JPG,Apple_healthy,train
Apple_healthy/image (537).JPG,Apple_healthy,train
Apple_healthy/image (538).JPG,Apple_healthy,train
Apple_healthy/image (54).JPG,Apple_healthy,train
Apple_healthy/image (540).JPG,Apple_healthy,train
Apple_healthy/image (541).JPG,Apple_healthy,train
Apple_healthy/image (542).JPG,Apple_healthy,train
Apple_healthy/image (544).JPG,Apple_healthy,train
Apple_healthy/image (545).JPG,Apple_healthy,train
Apple_healthy/image (546).JPG,Apple_healthy,train
Apple_healthy/image (547).JPG,Apple_healthy,train
Apple_healthy/image (548).JPG,Apple_healthy,train
Apple_healthy/image (549).JPG,Apple_healthy,train
Apple_healthy/image (55).JPG,Apple_healthy,train
Apple_healthy/image (550).JPG,Apple_healthy,train
Apple_healthy/image (552).JPG,Apple_healthy,train
Apple_healthy/image (554).JPG,Apple_healthy,train
Apple_healthy/image (556).JPG,Apple_healthy,train
Apple_healthy/image (557).JPG,Apple_healthy,train
Apple_healthy/image (558).JPG,Apple_healthy,train
Apple_healthy/image (56).JPG,Apple_healthy,train
Apple_healthy/image (560).JPG,Apple_healthy,train
Apple_healthy/image (561).JPG,Apple_healthy,train
Apple_healthy/image (562).JPG,Apple_healthy,train
Apple_healthy/image (563).JPG,Apple_healthy,train
Apple_healthy/image (566).JPG,Apple_healthy,train
Apple_healthy/image (567).JPG,Apple_healthy,train
Apple_healthy/image (57).JPG,Apple_healthy,train
Apple_healthy/image (570).JPG,Apple_healthy,train
Apple_healthy/image (571).JPG,Apple_healthy,train
Apple_healthy/image (572).JPG,Apple_healthy,train
Apple_healthy/image (573).JPG,Apple_healthy,train
Apple_healthy/image (574).JPG,Apple_healthy,train
Apple_healthy/image (575).JPG,Apple_healthy,train
Apple_healthy/image (577).JPG,Apple_healthy,train
Apple_healthy/image (58).JPG,Apple_healthy,train
Apple_healthy/image (580).JPG,Apple_healthy,train
Apple_healthy/image (581).JPG,Apple_healthy,train
Apple_healthy/image (582).JPG,Apple_healthy,train
Apple_healthy/image (583).JPG,Apple_healthy,train
Apple_healthy/image (584).JPG,Apple_healthy,train
Apple_healthy/image (585).JPG,Apple_healthy,train
Apple_healthy/image (586).JPG,Apple_healthy,train
Apple_healthy/image (587).JPG,Apple_healthy,train
Apple_healthy/image (588).JPG,Apple_healthy,train
Apple_healthy/image (589).JPG,Apple_healthy,train
Apple_healthy/image (59).JPG,Apple_healthy,train
Apple_healthy/image (590).JPG,Apple_healthy,train
Apple_healthy/image (591).JPG,Apple_healthy,train
Apple_healthy/image (592).JPG,Apple_healthy,train
Apple_healthy/image (593).JPG,Apple_healthy,train
Apple_healthy/image (594).JPG,Apple_healthy,train
Apple_healthy/image (595).JPG,Apple_healthy,train
Apple_healthy/image (597).JPG,Apple_healthy,train
Apple_healthy/image (598).JPG,Apple_healthy,train
Apple_healthy/image (599).JPG,Apple_healthy,train
Apple_healthy/image (6).JPG,Apple_healthy,train
Apple_healthy/image (600).JPG,Apple_healthy,train
Apple_healthy/image (601).JPG,Apple_healthy,train
Apple_healthy/image (603).JPG,Apple_healthy,train
Apple_healthy/image (604).JPG,Apple_healthy,train
Apple_healthy/image (605).JPG,Apple_healthy,train
Apple_healthy/image (607).JPG,Apple_healthy,train
Apple_healthy/image (608).JPG,Apple_healthy,train
Apple_healthy/image (609).JPG,Apple_healthy,train
Apple_healthy/image (61).JPG,Apple_healthy,train
Apple_healthy/image (610).JPG,Apple_healthy,train
Apple_healthy/image (611).JPG,Apple_healthy,train
Apple_healthy/image (612).JPG,Apple_healthy,train
Apple_healthy/image (613).JPG,Apple_healthy,train
Apple_healthy/image (614).JPG,Apple_healthy,train
Apple_healthy/image (615).JPG,Apple_healthy,train
Apple_healthy/image (616).JPG,Apple_healthy,train
Apple_healthy/image (617).JPG,Apple_healthy,train
Apple_healthy/image (618).JPG,Apple_healthy,train
Apple_healthy/image (619).JPG,Apple_healthy,train
Apple_healthy/image (62).JPG,Apple_healthy,train
Apple_healthy/image (620).JPG,Apple_healthy,train
Apple_healthy/image (621).JPG,Apple_healthy,train
Apple_healthy/image (622).JPG,Apple_healthy,train
Apple_healthy/image (623).JPG,Apple_healthy,train
Apple_healthy/image (624).JPG,Apple_healthy,train
Apple_healthy/image (625).JPG,Apple_healthy,train
Apple_healthy/image (626).JPG,Apple_healthy,train
Apple_healthy/image (627).JPG,Apple_healthy,train
Apple_healthy/image (629).JPG,Apple_healthy,train
Apple_healthy/image (63).JPG,Apple_healthy,train
Apple_healthy/image (630).JPG,Apple_healthy,train
Apple_healthy/image (631).JPG,Apple_healthy,train
Apple_healthy/image (633).JPG,Apple_healthy,train
Apple_healthy/image (634).JPG,Apple_healthy,train
Apple_healthy/image (635).JPG,Apple_healthy,train
Apple_healthy/image (636).JPG,Apple_healthy,train
Apple_healthy/image (637).JPG,Apple_healthy,train
Apple_healthy/image (638).JPG,Apple_healthy,train
Apple_healthy/image (639).JPG,Apple_healthy,train
Apple_healthy/image (64).JPG,Apple_healthy,train
Apple_healthy/image (640).JPG,Apple_healthy,train
Apple_healthy/image (641).JPG,Apple_healthy,train
Apple_healthy/image (642).JPG,Apple_healthy,train
Apple_healthy/image (644).JPG,Apple_healthy,train
Apple_healthy/image (645).JPG,Apple_healthy,train
Apple_healthy/image (646).JPG,Apple_healthy,train
Apple_healthy/image (647).JPG,Apple_healthy,train
Apple_healthy/image (648).JPG,Apple_healthy,train
Apple_healthy/image (649).JPG,Apple_healthy,train
Apple_healthy/image (65).JPG,Apple_healthy,train
Apple_healthy/image (650).JPG,Apple_healthy,train
Apple_healthy/image (651).JPG,Apple_healthy,train
Apple_healthy/image (652).JPG,Apple_healthy,train
Apple_healthy/image (653).JPG,Apple_healthy,train
Apple_healthy/image (654).JPG,Apple_healthy,train
Apple_healthy/image (655).JPG,Apple_healthy,train
Apple_healthy/image (656).JPG,Apple_healthy,train
Apple_healthy/image (657).JPG,Apple_healthy,train
Apple_healthy/image (658).JPG,Apple_healthy,train
Apple_healthy/image (659).JPG,Apple_healthy,train
Apple_healthy/image (66).JPG,Apple_healthy,train
Apple_healthy/image (661).JPG,Apple_healthy,train
Apple_healthy/image (662).JPG,Apple_healthy,train
Apple_healthy/image (665).JPG,Apple_healthy,train
Apple_healthy/image (666).JPG,Apple_healthy,train
Apple_healthy/image (667).JPG,Apple_healthy,train
Apple_healthy/image (668).JPG,Apple_healthy,train
Apple_healthy/image (67).JPG,Apple_healthy,train
Apple_healthy/image (670).JPG,Apple_healthy,train
Apple_healthy/image (671).JPG,Apple_healthy,train
Apple_healthy/image (674).JPG,Apple_healthy,train
Apple_healthy/image (675).JPG,Apple_healthy,train
Apple_healthy/image (676).JPG,Apple_healthy,train
Apple_healthy/image (677).JPG,Apple_healthy,train
Apple_healthy/image (678).JPG,Apple_healthy,train
Apple_healthy/image (679).JPG,Apple_healthy,train
Apple_healthy/image (68).JPG,Apple_healthy,train
Apple_healthy/image (680).JPG,Apple_healthy,train
Apple_healthy/image (682).JPG,Apple_healthy,train
Apple_healthy/image (683).JPG,Apple_healthy,train
Apple_healthy/image (684).JPG,Apple_healthy,train
Apple_healthy/image (685).JPG,Apple_healthy,train
Apple_healthy/image (686).JPG,Apple_healthy,train
Apple_healthy/image (688).JPG,Apple_healthy,train
Apple_healthy/image (689).JPG,Apple_healthy,train
Apple_healthy/image (69).JPG,Apple_healthy,train
Apple_healthy/image (691).JPG,Apple_healthy,train
Apple_healthy/image (692).JPG,Apple_healthy,train
Apple_healthy/image (694).JPG,Apple_healthy,train
Apple_healthy/image (695).JPG,Apple_healthy,train
Apple_healthy/image (697).JPG,Apple_healthy,train
Apple_healthy/image (698).JPG,Apple_healthy,train
Apple_healthy/image (699).JPG,Apple_healthy,train
Apple_healthy/image (700).JPG,Apple_healthy,train
Apple_healthy/image (701).JPG,Apple_healthy,train
Apple_healthy/image (702).JPG,Apple_healthy,train
Apple_healthy/image (703).JPG,Apple_healthy,train
Apple_healthy/image (704).JPG,Apple_healthy,train
Apple_healthy/image (707).JPG,Apple_healthy,train
Apple_healthy/image (709).JPG,Apple_healthy,train
Apple_healthy/image (71).JPG,Apple_healthy,train
Apple_healthy/image (710).JPG,Apple_healthy,train
Apple_healthy/image (711).JPG,Apple_healthy,train
Apple_healthy/image (712).JPG,Apple_healthy,train
Apple_healthy/image (713).JPG,Apple_healthy,train
Apple_healthy/image (715).JPG,Apple_healthy,train
Apple_healthy/image (716).JPG,Apple_healthy,train
Apple_healthy/image (717).JPG,Apple_healthy,train
Apple_healthy/image (718).JPG,Apple_healthy,train
Apple_healthy/image (719).JPG,Apple_healthy,train
Apple_healthy/image (720).JPG,Apple_healthy,train
Apple_healthy/image (721).JPG,Apple_healthy,train
Apple_healthy/image (723).JPG,Apple_healthy,train
Apple_healthy/image (724).JPG,Apple_healthy,train
Apple_healthy/image (725).JPG,Apple_healthy,train
Apple_healthy/image (726).JPG,Apple_healthy,train
Apple_healthy/image (727).JPG,Apple_healthy,train
Apple_healthy/image (728).JPG,Apple_healthy,train
Apple_healthy/image (729).JPG,Apple_healthy,train
Apple_healthy/image (731).JPG,Apple_healthy,train
Apple_healthy/image (732).JPG,Apple_healthy,train
Apple_healthy/image (734).JPG,Apple_healthy,train
Apple_healthy/image (735).JPG,Apple_healthy,train
Apple_healthy/image (736).JPG,Apple_healthy,train
Apple_healthy/image (737).JPG,Apple_healthy,train
Apple_healthy/image (739).JPG,Apple_healthy,train
Apple_healthy/image (74).JPG,Apple_healthy,train
Apple_healthy/image (740).JPG,Apple_healthy,train
Apple_healthy/image (741).JPG,Apple_healthy,train
Apple_healthy/image (742).JPG,Apple_healthy,train
Apple_healthy/image (744).JPG,Apple_healthy,train
Apple_healthy/image (745).JPG,Apple_healthy,train
Apple_healthy/image (746).JPG,Apple_healthy,train
Apple_healthy/image (747).JPG,Apple_healthy,train
Apple_healthy/image (748).JPG,Apple_healthy,train
Apple_healthy/image (75).JPG,Apple_healthy,train
Apple_healthy/image (750).JPG,Apple_healthy,train
Apple_healthy/image (751).JPG,Apple_healthy,train
Apple_healthy/image (752).JPG,Apple_healthy,train
Apple_healthy/image (753).JPG,Apple_healthy,train
Apple_healthy/image (754).JPG,Apple_healthy,train
Apple_healthy/image (755).JPG,Apple_healthy,train
Apple_healthy/image (756).JPG,Apple_healthy,train
Apple_healthy/image (757).JPG,Apple_healthy,train
Apple_healthy/image (758).JPG,Apple_healthy,train
Apple_healthy/image (759).JPG,Apple_healthy,train
Apple_healthy/image (76).JPG,Apple_healthy,train
Apple_healthy/image (760).JPG,Apple_healthy,train
Apple_healthy/image (761).JPG,Apple_healthy,train
Apple_healthy/image (762).JPG,Apple_healthy,train
Apple_healthy/image (763).JPG,Apple_healthy,train
Apple_healthy/image (764).JPG,Apple_healthy,train
Apple_healthy/image (765).JPG,Apple_healthy,train
Apple_healthy/image (767).JPG,Apple_healthy,train
Apple_healthy/image (769).JPG,Apple_healthy,train
Apple_healthy/image (77).JPG,Apple_healthy,train
Apple_healthy/image (770).JPG,Apple_healthy,train
Apple_healthy/image (771).JPG,Apple_healthy,train
Apple_healthy/image (772).JPG,Apple_healthy,train
Apple_healthy/image (773).JPG,Apple_healthy,train
Apple_healthy/image (774).JPG,Apple_healthy,train
Apple_healthy/image (775).JPG,Apple_healthy,train
Apple_healthy/image (777).JPG,Apple_healthy,train
Apple_healthy/image (778).JPG,Apple_healthy,train
Apple_healthy/image (779).JPG,Apple_healthy,train
Apple_healthy/image (781).JPG,Apple_healthy,train
Apple_healthy/image (783).JPG,Apple_healthy,train
Apple_healthy/image (784).JPG,Apple_healthy,train
Apple_healthy/image (785).JPG,Apple_healthy,train
Apple_healthy/image (786).JPG,Apple_healthy,train
Apple_healthy/image (787).JPG,Apple_healthy,train
Apple_healthy/image (788).JPG,Apple_healthy,train
Apple_healthy/image (789).JPG,Apple_healthy,train
Apple_healthy/image (79).JPG,Apple_healthy,train
Apple_healthy/image (790).JPG,Apple_healthy,train
Apple_healthy/image (791).JPG,Apple_healthy,train
Apple_healthy/image (792).JPG,Apple_healthy,train
Apple_healthy/image (793).JPG,Apple_healthy,train
Apple_healthy/image (795).JPG,Apple_healthy,train
Apple_healthy/image (796).JPG,Apple_healthy,train
Apple_healthy/image (797).JPG,Apple_healthy,train
Apple_healthy/image (798).JPG,Apple_healthy,train
Apple_healthy/image (799).JPG,Apple_healthy,train
Apple_healthy/image (8).JPG,Apple_healthy,train
Apple_healthy/image (800).JPG,Apple_healthy,train
Apple_healthy/image (801).JPG,Apple_healthy,train
Apple_healthy/image (802).JPG,Apple_healthy,train
Apple_healthy/image (804).JPG,Apple_healthy,train
Apple_healthy/image (805).JPG,Apple_healthy,train
Apple_healthy/image (807).JPG,Apple_healthy,train
Apple_healthy/image (808).JPG,Apple_healthy,train
Apple_healthy/image (809).JPG,Apple_healthy,train
Apple_healthy/image (810).JPG,Apple_healthy,train
Apple_healthy/image (811).JPG,Apple_healthy,train
Apple_healthy/image (812).JPG,Apple_healthy,train
Apple_healthy/image (813).JPG,Apple_healthy,train
Apple_healthy/image (815).JPG,Apple_healthy,train
Apple_healthy/image (818).JPG,Apple_healthy,train
Apple_healthy/image (819).JPG,Apple_healthy,train
Apple_healthy/image (82).JPG,Apple_healthy,train
Apple_healthy/image (820).JPG,Apple_healthy,train
Apple_healthy/image (821).JPG,Apple_healthy,train
Apple_healthy/image (824).JPG,Apple_healthy,train
Apple_healthy/image (825).JPG,Apple_healthy,train
Apple_healthy/image (826).JPG,Apple_healthy,train
Apple_healthy/image (827).JPG,Apple_healthy,train
Apple_healthy/image (828).JPG,Apple_healthy,train
Apple_healthy/image (829).JPG,Apple_healthy,train
Apple_healthy/image (83).JPG,Apple_healthy,train
Apple_healthy/image (832).JPG,Apple_healthy,train
Apple_healthy/image (834).JPG,Apple_healthy,train
Apple_healthy/image (835).JPG,Apple_healthy,train
Apple_healthy/image (836).JPG,Apple_healthy,train
Apple_healthy/image (838).JPG,Apple_healthy,train
Apple_healthy/image (839).JPG,Apple_healthy,train
Apple_healthy/image (84).JPG,Apple_healthy,train
Apple_healthy/image (840).JPG,Apple_healthy,train
Apple_healthy/image (841).JPG,Apple_healthy,train
Apple_healthy/image (842).JPG,Apple_healthy,train
Apple_healthy/image (843).JPG,Apple_healthy,train
Apple_healthy/image (844).JPG,Apple_healthy,train
Apple_healthy/image (847).JPG,Apple_healthy,train
Apple_healthy/image (848).JPG,Apple_healthy,train
Apple_healthy/image (849).JPG,Apple_healthy,train
Apple_healthy/image (85).JPG,Apple_healthy,train
Apple_healthy/image (852).JPG,Apple_healthy,train
Apple_healthy/image (853).JPG,Apple_healthy,train
Apple_healthy/image (854).JPG,Apple_healthy,train
Apple_healthy/image (855).JPG,Apple_healthy,train
Apple_healthy/image (857).JPG,Apple_healthy,train
Apple_healthy/image (858).JPG,Apple_healthy,train
Apple_healthy/image (859).JPG,Apple_healthy,train
Apple_healthy/image (86).JPG,Apple_healthy,train
Apple_healthy/image (860).JPG,Apple_healthy,train
Apple_healthy/image (861).JPG,Apple_healthy,train
Apple_healthy/image (862).JPG,Apple_healthy,train
Apple_healthy/image (865).JPG,Apple_healthy,train
Apple_healthy/image (866).JPG,Apple_healthy,train
Apple_healthy/image (867).JPG,Apple_healthy,train
Apple_healthy/image (869).JPG,Apple_healthy,train
Apple_healthy/image (87).JPG,Apple_healthy,train
Apple_healthy/image (870).JPG,Apple_healthy,train
Apple_healthy/image (871).JPG,Apple_healthy,train
Apple_healthy/image (872).JPG,Apple_healthy,train
Apple_healthy/image (874).JPG,Apple_healthy,train
Apple_healthy/image (876).JPG,Apple_healthy,train
Apple_healthy/image (877).JPG,Apple_healthy,train
Apple_healthy/image (878).JPG,Apple_healthy,train
Apple_healthy/image (879).JPG,Apple_healthy,train
Apple_healthy/image (880).JPG,Apple_healthy,train
Apple_healthy/image (881).JPG,Apple_healthy,train
Apple_healthy/image (882).JPG,Apple_healthy,train
Apple_healthy/image (883).JPG,Apple_healthy,train
Apple_healthy/image (885).JPG,Apple_healthy,train
Apple_healthy/image (887).JPG,Apple_healthy,train
Apple_healthy/image (889).JPG,Apple_healthy,train
Apple_healthy/image (890).JPG,Apple_healthy,train
Apple_healthy/image (891).JPG,Apple_healthy,train
Apple_healthy/image (892).JPG,Apple_healthy,train
Apple_healthy/image (893).JPG,Apple_healthy,train
Apple_healthy/image (894).JPG,Apple_healthy,train
Apple_healthy/image (895).JPG,Apple_healthy,train
Apple_healthy/image (896).JPG,Apple_healthy,train
Apple_healthy/image (897).JPG,Apple_healthy,train
Apple_healthy/image (898).JPG,Apple_healthy,train
Apple_healthy/image (899).JPG,Apple_healthy,train
Apple_healthy/image (9).JPG,Apple_healthy,train
Apple_healthy/image (90).JPG,Apple_healthy,train
Apple_healthy/image (900).JPG,Apple_healthy,train
Apple_healthy/image (901).JPG,Apple_healthy,train
Apple_healthy/image (902).JPG,Apple_healthy,train
Apple_healthy/image (903).JPG,Apple_healthy,train
Apple_healthy/image (904).JPG,Apple_healthy,train
Apple_healthy/image (905).JPG,Apple_healthy,train
Apple_healthy/image (906).JPG,Apple_healthy,train
Apple_healthy/image (907).JPG,Apple_healthy,train
Apple_healthy/image (908).JPG,Apple_healthy,train
Apple_healthy/image (909).JPG,Apple_healthy,train
Apple_healthy/image (91).JPG,Apple_healthy,train
Apple_healthy/image (910).JPG,Apple_healthy,train
Apple_healthy/image (911).JPG,Apple_healthy,train
Apple_healthy/image (912).JPG,Apple_healthy,train
Apple_healthy/image (913).JPG,Apple_healthy,train
Apple_healthy/image (914).JPG,Apple_healthy,train
Apple_healthy/image (915).JPG,Apple_healthy,train
Apple_healthy/image (916).JPG,Apple_healthy,train
Apple_healthy/image (917).JPG,Apple_healthy,train
Apple_healthy/image (918).JPG,Apple_healthy,train
Apple_healthy/image (919).JPG,Apple_healthy,train
Apple_healthy/image (92).JPG,Apple_healthy,train
Apple_healthy/image (921).JPG,Apple_healthy,train
Apple_healthy/image (924).JPG,Apple_healthy,train
Apple_healthy/image (925).JPG,Apple_healthy,train
Apple_healthy/image (926).JPG,Apple_healthy,train
Apple_healthy/image (927).JPG,Apple_healthy,train
Apple_healthy/image (928).JPG,Apple_healthy,train
Apple_healthy/image (929).JPG,Apple_healthy,train
Apple_healthy/image (93).JPG,Apple_healthy,train
Apple_healthy/image (930).JPG,Apple_healthy,train
Apple_healthy/image (931).JPG,Apple_healthy,train
Apple_healthy/image (933).JPG,Apple_healthy,train
Apple_healthy/image (934).JPG,Apple_healthy,train
Apple_healthy/image (935).JPG,Apple_healthy,train
Apple_healthy/image (937).JPG,Apple_healthy,train
Apple_healthy/image (939).JPG,Apple_healthy,train
Apple_healthy/image (940).JPG,Apple_healthy,train
Apple_healthy/image (941).JPG,Apple_healthy,train
Apple_healthy/image (942).JPG,Apple_healthy,train
Apple_healthy/image (943).JPG,Apple_healthy,train
Apple_healthy/image (944).JPG,Apple_healthy,train
Apple_healthy/image (945).JPG,Apple_healthy,train
Apple_healthy/image (946).JPG,Apple_healthy,train
Apple_healthy/image (947).JPG,Apple_healthy,train
Apple_healthy/image (948).JPG,Apple_healthy,train
Apple_healthy/image (949).JPG,Apple_healthy,train
Apple_healthy/image (95).JPG,Apple_healthy,train
Apple_healthy/image (950).JPG,Apple_healthy,train
Apple_healthy/image (952).JPG,Apple_healthy,train
Apple_healthy/image (953).JPG,Apple_healthy,train
Apple_healthy/image (954).JPG,Apple_healthy,train
Apple_healthy/image (955).JPG,Apple_healthy,train
Apple_healthy/image (956).JPG,Apple_healthy,train
Apple_healthy/image (957).JPG,Apple_healthy,train
Apple_healthy/image (958).JPG,Apple_healthy,train
Apple_healthy/image (959).JPG,Apple_healthy,train
Apple_healthy/image (96).JPG,Apple_healthy,train
Apple_healthy/image (961).JPG,Apple_healthy,train
Apple_healthy/image (962).JPG,Apple_healthy,train
Apple_healthy/image (963).JPG,Apple_healthy,train
Apple_healthy/image (964).JPG,Apple_healthy,train
Apple_healthy/image (965).JPG,Apple_healthy,train
Apple_healthy/image (967).JPG,Apple_healthy,train
Apple_healthy/image (968).JPG,Apple_healthy,train
Apple_healthy/image (969).JPG,Apple_healthy,train
Apple_healthy/image (97).JPG,Apple_healthy,train
Apple_healthy/image (972).JPG,Apple_healthy,train
Apple_healthy/image (973).JPG,Apple_healthy,train
Apple_healthy/image (974).JPG,Apple_healthy,train
Apple_healthy/image (975).JPG,Apple_healthy,train
Apple_healthy/image (976).JPG,Apple_healthy,train
Apple_healthy/image (977).JPG,Apple_healthy,train
Apple_healthy/image (978).JPG,Apple_healthy,train
Apple_healthy/image (98).JPG,Apple_healthy,train
Apple_healthy/image (980).JPG,Apple_healthy,train
Apple_healthy/image (982).JPG,Apple_healthy,train
Apple_healthy/image (984).JPG,Apple_healthy,train
Apple_healthy/image (985).JPG,Apple_healthy,train
Apple_healthy/image (987).JPG,Apple_healthy,train
Apple_healthy/image (988).JPG,Apple_healthy,train
Apple_healthy/image (989).JPG,Apple_healthy,train
Apple_healthy/image (99).JPG,Apple_healthy,train
Apple_healthy/image (990).JPG,Apple_healthy,train
Apple_healthy/image (991).JPG,Apple_healthy,train
Apple_healthy/image (992).JPG,Apple_healthy,train
Apple_healthy/image (993).JPG,Apple_healthy,train
Apple_healthy/image (994).JPG,Apple_healthy,train
Apple_healthy/image (995).JPG,Apple_healthy,train
Apple_healthy/image (997).JPG,Apple_healthy,train
Apple_healthy/image (998).JPG,Apple_healthy,train
Apple_healthy/image (999).JPG,Apple_healthy,train
Apple_rust/image (100).JPG,Apple_rust,train
Apple_rust/image (102).JPG,Apple_rust,train
Apple_rust/image (103).JPG,Apple_rust,train
Apple_rust/image (104).JPG,Apple_rust,train
Apple_rust/image (105).JPG,Apple_rust,train
Apple_rust/image (106).JPG,Apple_rust,train
Apple_rust/image (107).JPG,Apple_rust,train
Apple_rust/image (108).JPG,Apple_rust,train
Apple_rust/image (109).JPG,Apple_rust,train
Apple_rust/image (11).JPG,Apple_rust,train
Apple_rust/image (110).JPG,Apple_rust,train
Apple_rust/image (112).JPG,Apple_rust,train
Apple_rust/image (114).JPG,Apple_rust,train
Apple_rust/image (115).JPG,Apple_rust,train
Apple_rust/image (119).JPG,Apple_rust,train
Apple_rust/image (120).JPG,Apple_rust,train
Apple_rust/image (121).JPG,Apple_rust,train
Apple_rust/image (122).JPG,Apple_rust,train
Apple_rust/image (123).JPG,Apple_rust,train
Apple_rust/image (124).JPG,Apple_rust,train
Apple_rust/image (126).JPG,Apple_rust,train
Apple_rust/image (127).JPG,Apple_rust,train
Apple_rust/image (128).JPG,Apple_rust,train
Apple_rust/image (129).JPG,Apple_rust,train
Apple_rust/image (13).JPG,Apple_rust,train
Apple_rust/image (130).JPG,Apple_rust,train
Apple_rust/image (131).JPG,Apple_rust,train
Apple_rust/image (132).JPG,Apple_rust,train
Apple_rust/image (133).JPG,Apple_rust,train
Apple_rust/image (135).JPG,Apple_rust,train
Apple_rust/image (136).JPG,Apple_rust,train
Apple_rust/image (138).JPG,Apple_rust,train
Apple_rust/image (139).JPG,Apple_rust,train
Apple_rust/image (14).JPG,Apple_rust,train
Apple_rust/image (140).JPG,Apple_rust,train
Apple_rust/image (142).JPG,Apple_rust,train
Apple_rust/image (143).JPG,Apple_rust,train
Apple_rust/image (144).JPG,Apple_rust,train
Apple_rust/image (146).JPG,Apple_rust,train
Apple_rust/image (149).JPG,Apple_rust,train
Apple_rust/image (15).JPG,Apple_rust,train
Apple_rust/image (151).JPG,Apple_rust,train
Apple_rust/image (152).JPG,Apple_rust,train
Apple_rust/image (153).JPG,Apple_rust,train
Apple_rust/image (154).JPG,Apple_rust,train
Apple_rust/image (155).JPG,Apple_rust,train
Apple_rust/image (159).JPG,Apple_rust,train
Apple_rust/image (16).JPG,Apple_rust,train
Apple_rust/image (160).JPG,Apple_rust,train
Apple_rust/image (161).JPG,Apple_rust,train
Apple_rust/image (163).JPG,Apple_rust,train
Apple_rust/image (164).JPG,Apple_rust,train
Apple_rust/image (165).JPG,Apple_rust,train
Apple_rust/image (166).JPG,Apple_rust,train
Apple_rust/image (168).JPG,Apple_rust,train
Apple_rust/image (17).JPG,Apple_rust,train
Apple_rust/image (171).JPG,Apple_rust,train
Apple_rust/image (172).JPG,Apple_rust,train
Apple_rust/image (173).JPG,Apple_rust,train
Apple_rust/image (174).JPG,Apple_rust,train
Apple_rust/image (175).JPG,Apple_rust,train
Apple_rust/image (176).JPG,Apple_rust,train
Apple_rust/image (177).JPG,Apple_rust,train
Apple_rust/image (178).JPG,Apple_rust,train
Apple_rust/image (179).JPG,Apple_rust,train
Apple_rust/image (180).JPG,Apple_rust,train
Apple_rust/image (181).JPG,Apple_rust,train
Apple_rust/image (182).JPG,Apple_rust,train
Apple_rust/image (183).JPG,Apple_rust,train
Apple_rust/image (184).JPG,Apple_rust,train
Apple_rust/image (185).JPG,Apple_rust,train
Apple_rust/image (186).JPG,Apple_rust,train
Apple_rust/image (187).JPG,Apple_rust,train
Apple_rust/image (188).JPG,Apple_rust,train
Apple_rust/image (189).JPG,Apple_rust,train
Apple_rust/image (19).JPG,Apple_rust,train
Apple_rust/image (191).JPG,Apple_rust,train
Apple_rust/image (192).JPG,Apple_rust,train
Apple_rust/image (194).JPG,Apple_rust,train
Apple_rust/image (195).JPG,Apple_rust,train
Apple_rust/image (196).JPG,Apple_rust,train
Apple_rust/image (197).JPG,Apple_rust,train
Apple_rust/image (199).JPG,Apple_rust,train
Apple_rust/image (2).JPG,Apple_rust,train
Apple_rust/image (20).JPG,Apple_rust,train
Apple_rust/image (201).JPG,Apple_rust,train
Apple_rust/image (202).JPG,Apple_rust,train
Apple_rust/image (203).JPG,Apple_rust,train
Apple_rust/image (204).JPG,Apple_rust,train
Apple_rust/image (205).JPG,Apple_rust,train
Apple_rust/image (207).JPG,Apple_rust,train
Apple_rust/image (208).JPG,Apple_rust,train
Apple_rust/image (209).JPG,Apple_rust,train
Apple_rust/image (21).JPG,Apple_rust,train
Apple_rust/image (211).JPG,Apple_rust,train
Apple_rust/image (212).JPG,Apple_rust,train
Apple_rust/image (213).JPG,Apple_rust,train
Apple_rust/image (214).JPG,Apple_rust,train
Apple_rust/image (215).JPG,Apple_rust,train
Apple_rust/image (216).JPG,Apple_rust,train
Apple_rust/image (217).JPG,Apple_rust,train
Apple_rust/image (218).JPG,Apple_rust,train
Apple_rust/image (22).JPG,Apple_rust,train
Apple_rust/image (220).JPG,Apple_rust,train
Apple_rust/image (221).JPG,Apple_rust,train
Apple_rust/image (222).JPG,Apple_rust,train
Apple_rust/image (223).JPG,Apple_rust,train
Apple_rust/image (224).JPG,Apple_rust,train
Apple_rust/image (225).JPG,Apple_rust,train
Apple_rust/image (226).JPG,Apple_rust,train
Apple_rust/image (227).JPG,Apple_rust,train
Apple_rust/image (228).JPG,Apple_rust,train
Apple_rust/image (229).JPG,Apple_rust,train
Apple_rust/image (23).JPG,Apple_rust,train
Apple_rust/image (231).JPG,Apple_rust,train
Apple_rust/image (232).JPG,Apple_rust,train
Apple_rust/image (233).JPG,Apple_rust,train
Apple_rust/image (234).JPG,Apple_rust,train
Apple_rust/image (235).JPG,Apple_rust,train
Apple_rust/image (236).JPG,Apple_rust,train
Apple_rust/image (238).JPG,Apple_rust,train
Apple_rust/image (239).JPG,Apple_rust,train
Apple_rust/image (24).JPG,Apple_rust,train
Apple_rust/image (240).JPG,Apple_rust,train
Apple_rust/image (241).JPG,Apple_rust,train
Apple_rust/image (242).JPG,Apple_rust,train
Apple_rust/image (243).JPG,Apple_rust,train
Apple_rust/image (244).JPG,Apple_rust,train
Apple_rust/image (246).JPG,Apple_rust,train
Apple_rust/image (247).JPG,Apple_rust,train
Apple_rust/image (249).JPG,Apple_rust,train
Apple_rust/image (25).JPG,Apple_rust,train
Apple_rust/image (250).JPG,Apple_rust,train
Apple_rust/image (252).JPG,Apple_rust,train
Apple_rust/image (253).JPG,Apple_rust,train
Apple_rust/image (254).JPG,Apple_rust,train
Apple_rust/image (255).JPG,Apple_rust,train
Apple_rust/image (256).JPG,Apple_rust,train
Apple_rust/image (257).JPG,Apple_rust,train
Apple_rust/image (258).JPG,Apple_rust,train
Apple_rust/image (259).JPG,Apple_rust,train
Apple_rust/image (26).JPG,Apple_rust,train
Apple_rust/image (260).JPG,Apple_rust,train
Apple_rust/image (261).JPG,Apple_rust,train
Apple_rust/image (263).JPG,Apple_rust,train
Apple_rust/image (264).JPG,Apple_rust,train
Apple_rust/image (266).JPG,Apple_rust,train
Apple_rust/image (267).JPG,Apple_rust,train
Apple_rust/image (27).JPG,Apple_rust,train
Apple_rust/image (270).JPG,Apple_rust,train
Apple_rust/image (271).JPG,Apple_rust,train
Apple_rust/image (272).JPG,Apple_rust,train
Apple_rust/image (273).JPG,Apple_rust,train
Apple_rust/image (274).JPG,Apple_rust,train
Apple_rust/image (275).JPG,Apple_rust,train
Apple_rust/image (28).JPG,Apple_rust,train
Apple_rust/image (29).JPG,Apple_rust,train
Apple_rust/image (30).JPG,Apple_rust,train
Apple_rust/image (32).JPG,Apple_rust,train
Apple_rust/image (33).JPG,Apple_rust,train
Apple_rust/image (34).JPG,Apple_rust,train
Apple_rust/image (36).JPG,Apple_rust,train
Apple_rust/image (37).JPG,Apple_rust,train
Apple_rust/image (38).JPG,Apple_rust,train
Apple_rust/image (39).JPG,Apple_rust,train
Apple_rust/image (4).JPG,Apple_rust,train
Apple_rust/image (40).JPG,Apple_rust,train
Apple_rust/image (41).JPG,Apple_rust,train
Apple_rust/image (42).JPG,Apple_rust,train
Apple_rust/image (43).JPG,Apple_rust,train
Apple_rust/image (44).JPG,Apple_rust,train
Apple_rust/image (45).JPG,Apple_rust,train
Apple_rust/image (46).JPG,Apple_rust,train
Apple_rust/image (47).JPG,Apple_rust,train
Apple_rust/image (49).JPG,Apple_rust,train
Apple_rust/image (50).JPG,Apple_rust,train
Apple_rust/image (51).JPG,Apple_rust,train
Apple_rust/image (52).JPG,Apple_rust,train
Apple_rust/image (53).JPG,Apple_rust,train
Apple_rust/image (54).JPG,Apple_rust,train
Apple_rust/image (55).JPG,Apple_rust,train
Apple_rust/image (56).JPG,Apple_rust,train
Apple_rust/image (57).JPG,Apple_rust,train
Apple_rust/image (58).JPG,Apple_rust,train
Apple_rust/image (6).JPG,Apple_rust,train
Apple_rust/image (61).JPG,Apple_rust,train
Apple_rust/image (62).JPG,Apple_rust,train
Apple_rust/image (64).JPG,Apple_rust,train
Apple_rust/image (65).JPG,Apple_rust,train
Apple_rust/image (66).JPG,Apple_rust,train
Apple_rust/image (67).JPG,Apple_rust,train
Apple_rust/image (69).JPG,Apple_rust,train
Apple_rust/image (7).JPG,Apple_rust,train
Apple_rust/image (70).JPG,Apple_rust,train
Apple_rust/image (71).JPG,Apple_rust,train
Apple_rust/image (74).JPG,Apple_rust,train
Apple_rust/image (75).JPG,Apple_rust,train
Apple_rust/image (76).JPG,Apple_rust,train
Apple_rust/image (78).JPG,Apple_rust,train
Apple_rust/image (79).JPG,Apple_rust,train
Apple_rust/image (8).JPG,Apple_rust,train
Apple_rust/image (80).JPG,Apple_rust,train
Apple_rust/image (81).JPG,Apple_rust,train
Apple_rust/image (83).JPG,Apple_rust,train
Apple_rust/image (84).JPG,Apple_rust,train
Apple_rust/image (85).JPG,Apple_rust,train
Apple_rust/image (86).JPG,Apple_rust,train
Apple_rust/image (88).JPG,Apple_rust,train
Apple_rust/image (89).JPG,Apple_rust,train
Apple_rust/image (9).JPG,Apple_rust,train
Apple_rust/image (90).JPG,Apple_rust,train
Apple_rust/image (91).JPG,Apple_rust,train
Apple_rust/image (92).JPG,Apple_rust,train
Apple_rust/image (93).JPG,Apple_rust,train
Apple_rust/image (94).JPG,Apple_rust,train
Apple_rust/image (95).JPG,Apple_rust,train
Apple_rust/image (96).JPG,Apple_rust,train
Apple_rust/image (97).JPG,Apple_rust,train
Apple_rust/image (98).JPG,Apple_rust,train
Apple_rust/image (99).JPG,Apple_rust,train
Apple_scab/image (10).JPG,Apple_scab,train
Apple_scab/image (100).JPG,Apple_scab,train
Apple_scab/image (101).JPG,Apple_scab,train
Apple_scab/image (102).JPG,Apple_scab,train
Apple_scab/image (104).JPG,Apple_scab,train
Apple_scab/image (105).JPG,Apple_scab,train
Apple_scab/image (106).JPG,Apple_scab,train
Apple_scab/image (108).JPG,Apple_scab,train
Apple_scab/image (109).JPG,Apple_scab,train
Apple_scab/image (110).JPG,Apple_scab,train
Apple_scab/image (111).JPG,Apple_scab,train
Apple_scab/image (113).JPG,Apple_scab,train
Apple_scab/image (114).JPG,Apple_scab,train
Apple_scab/image (115).JPG,Apple_scab,train
Apple_scab/image (116).JPG,Apple_scab,train
Apple_scab/image (117).JPG,Apple_scab,train
Apple_scab/image (118).JPG,Apple_scab,train
Apple_scab/image (119).JPG,Apple_scab,train
Apple_scab/image (12).JPG,Apple_scab,train
Apple_scab/image (120).JPG,Apple_scab,train
Apple_scab/image (121).JPG,Apple_scab,train
Apple_scab/image (122).JPG,Apple_scab,train
Apple_scab/image (123).JPG,Apple_scab,train
Apple_scab/image (124).JPG,Apple_scab,train
Apple_scab/image (125).JPG,Apple_scab,train
Apple_scab/image (126).JPG,Apple_scab,train
Apple_scab/image (127).JPG,Apple_scab,train
Apple_scab/image (128).JPG,Apple_scab,train
Apple_scab/image (13).JPG,Apple_scab,train
Apple_scab/image (130).JPG,Apple_scab,train
Apple_scab/image (131).JPG,Apple_scab,train
Apple_scab/image (132).JPG,Apple_scab,train
Apple_scab/image (133).JPG,Apple_scab,train
Apple_scab/image (134).JPG,Apple_scab,train
Apple_scab/image (135).JPG,Apple_scab,train
Apple_scab/image (136).JPG,Apple_scab,train
Apple_scab/image (138).JPG,Apple_scab,train
Apple_scab/image (14).JPG,Apple_scab,train
Apple_scab/image (140).JPG,Apple_scab,train
Apple_scab/image (141).JPG,Apple_scab,train
Apple_scab/image (142).JPG,Apple_scab,train
Apple_scab/image (143).JPG,Apple_scab,train
Apple_scab/image (144).JPG,Apple_scab,train
Apple_scab/image (145).JPG,Apple_scab,train
Apple_scab/image (147).JPG,Apple_scab,train
Apple_scab/image (148).JPG,Apple_scab,train
Apple_scab/image (15).JPG,Apple_scab,train
Apple_scab/image (150).JPG,Apple_scab,train
Apple_scab/image (151).JPG,Apple_scab,train
Apple_scab/image (152).JPG,Apple_scab,train
Apple_scab/image (153).JPG,Apple_scab,train
Apple_scab/image (154).JPG,Apple_scab,train
Apple_scab/image (155).JPG,Apple_scab,train
Apple_scab/image (156).JPG,Apple_scab,train
Apple_scab/image (157).JPG,Apple_scab,train
Apple_scab/image (158).JPG,Apple_scab,train
Apple_scab/image (160).JPG,Apple_scab,train
Apple_scab/image (161).JPG,Apple_scab,train
Apple_scab/image (162).JPG,Apple_scab,train
Apple_scab/image (163).JPG,Apple_scab,train
Apple_scab/image (165).JPG,Apple_scab,train
Apple_scab/image (166).JPG,Apple_scab,train
Apple_scab/image (167).JPG,Apple_scab,train
Apple_scab/image (168).JPG,Apple_scab,train
Apple_scab/image (169).JPG,Apple_scab,train
Apple_scab/image (17).JPG,Apple_scab,train
Apple_scab/image (170).JPG,Apple_scab,train
Apple_scab/image (171).JPG,Apple_scab,train
Apple_scab/image (174).JPG,Apple_scab,train
Apple_scab/image (175).JPG,Apple_scab,train
Apple_scab/image (177).JPG,Apple_scab,train
Apple_scab/image (178).JPG,Apple_scab,train
Apple_scab/image (179).JPG,Apple_scab,train
Apple_scab/image (18).JPG,Apple_scab,train
Apple_scab/image (180).JPG,Apple_scab,train
Apple_scab/image (181).JPG,Apple_scab,train
Apple_scab/image (183).JPG,Apple_scab,train
Apple_scab/image (184).JPG,Apple_scab,train
Apple_scab/image (185).JPG,Apple_scab,train
Apple_scab/image (186).JPG,Apple_scab,train
Apple_scab/image (187).JPG,Apple_scab,train
Apple_scab/image (188).JPG,Apple_scab,train
Apple_scab/image (189).JPG,Apple_scab,train
Apple_scab/image (19).JPG,Apple_scab,train
Apple_scab/image (190).JPG,Apple_scab,train
Apple_scab/image (192).JPG,Apple_scab,train
Apple_scab/image (193).JPG,Apple_scab,train
Apple_scab/image (194).JPG,Apple_scab,train
Apple_scab/image (195).JPG,Apple_scab,train
Apple_scab/image (197).JPG,Apple_scab,train
Apple_scab/image (199).JPG,Apple_scab,train
Apple_scab/image (2).JPG,Apple_scab,train
Apple_scab/image (200).JPG,Apple_scab,train
Apple_scab/image (201).JPG,Apple_scab,train
Apple_scab/image (202).JPG,Apple_scab,train
Apple_scab/image (204).JPG,Apple_scab,train
Apple_scab/image (205).JPG,Apple_scab,train
Apple_scab/image (206).JPG,Apple_scab,train
Apple_scab/image (207).JPG,Apple_scab,train
Apple_scab/image (208).JPG,Apple_scab,train
Apple_scab/image (209).JPG,Apple_scab,train
Apple_scab/image (21).JPG,Apple_scab,train
Apple_scab/image (210).JPG,Apple_scab,train
Apple_scab/image (211).JPG,Apple_scab,train
Apple_scab/image (212).JPG,Apple_scab,train
Apple_scab/image (213).JPG,Apple_scab,train
Apple_scab/image (214).JPG,Apple_scab,train
Apple_scab/image (216).JPG,Apple_scab,train
Apple_scab/image (217).JPG,Apple_scab,train
Apple_scab/image (219).JPG,Apple_scab,train
Apple_scab/image (22).JPG,Apple_scab,train
Apple_scab/image (220).JPG,Apple_scab,train
Apple_scab/image (221).JPG,Apple_scab,train
Apple_scab/image (222).JPG,Apple_scab,train
Apple_scab/image (223).JPG,Apple_scab,train
Apple_scab/image (224).JPG,Apple_scab,train
Apple_scab/image (225).JPG,Apple_scab,train
Apple_scab/image (226).JPG,Apple_scab,train
Apple_scab/image (228).JPG,Apple_scab,train
Apple_scab/image (229).JPG,Apple_scab,train
Apple_scab/image (23).JPG,Apple_scab,train
Apple_scab/image (232).JPG,Apple_scab,train
Apple_scab/image (234).JPG,Apple_scab,train
Apple_scab/image (235).JPG,Apple_scab,train
Apple_scab/image (236).JPG,Apple_scab,train
Apple_scab/image (237).JPG,Apple_scab,train
Apple_scab/image (238).JPG,Apple_scab,train
Apple_scab/image (239).JPG,Apple_scab,train
Apple_scab/image (24).JPG,Apple_scab,train
Apple_scab/image (240).JPG,Apple_scab,train
Apple_scab/image (241).JPG,Apple_scab,train
Apple_scab/image (243).JPG,Apple_scab,train
Apple_scab/image (246).JPG,Apple_scab,train
Apple_scab/image (247).JPG,Apple_scab,train
Apple_scab/image (248).JPG,Apple_scab,train
Apple_scab/image (249).JPG,Apple_scab,train
Apple_scab/image (25).JPG,Apple_scab,train
Apple_scab/image (250).JPG,Apple_scab,train
Apple_scab/image (251).JPG,Apple_scab,train
Apple_scab/image (252).JPG,Apple_scab,train
Apple_scab/image (254).JPG,Apple_scab,train
Apple_scab/image (257).JPG,Apple_scab,train
Apple_scab/image (258).JPG,Apple_scab,train
Apple_scab/image (259).JPG,Apple_scab,train
Apple_scab/image (26).JPG,Apple_scab,train
Apple_scab/image (260).JPG,Apple_scab,train
Apple_scab/image (261).JPG,Apple_scab,train
Apple_scab/image (262).JPG,Apple_scab,train
Apple_scab/image (264).JPG,Apple_scab,train
Apple_scab/image (265).JPG,Apple_scab,train
Apple_scab/image (267).JPG,Apple_scab,train
Apple_scab/image (27).JPG,Apple_scab,train
Apple_scab/image (270).JPG,Apple_scab,train
Apple_scab/image (271).JPG,Apple_scab,train
Apple_scab/image (272).JPG,Apple_scab,train
Apple_scab/image (273).JPG,Apple_scab,train
Apple_scab/image (274).JPG,Apple_scab,train
Apple_scab/image (275).JPG,Apple_scab,train
Apple_scab/image (277).JPG,Apple_scab,train
Apple_scab/image (278).JPG,Apple_scab,train
Apple_scab/image (280).JPG,Apple_scab,train
Apple_scab/image (282).JPG,Apple_scab,train
Apple_scab/image (283).JPG,Apple_scab,train
Apple_scab/image (284).JPG,Apple_scab,train
Apple_scab/image (285).JPG,Apple_scab,train
Apple_scab/image (286).JPG,Apple_scab,train
Apple_scab/image (287).JPG,Apple_scab,train
Apple_scab/image (288).JPG,Apple_scab,train
Apple_scab/image (289).JPG,Apple_scab,train
Apple_scab/image (29).JPG,Apple_scab,train
Apple_scab/image (290).JPG,Apple_scab,train
Apple_scab/image (291).JPG,Apple_scab,train
Apple_scab/image (292).JPG,Apple_scab,train
Apple_scab/image (293).JPG,Apple_scab,train
Apple_scab/image (294).JPG,Apple_scab,train
Apple_scab/image (295).JPG,Apple_scab,train
Apple_scab/image (296).JPG,Apple_scab,train
Apple_scab/image (298).JPG,Apple_scab,train
Apple_scab/image (3).JPG,Apple_scab,train
Apple_scab/image (30).JPG,Apple_scab,train
Apple_scab/image (300).JPG,Apple_scab,train
Apple_scab/image (301).JPG,Apple_scab,train
Apple_scab/image (302).JPG,Apple_scab,train
Apple_scab/image (304).JPG,Apple_scab,train
Apple_scab/image (305).JPG,Apple_scab,train
Apple_scab/image (306).JPG,Apple_scab,train
Apple_scab/image (308).JPG,Apple_scab,train
Apple_scab/image (309).JPG,Apple_scab,train
Apple_scab/image (31).JPG,Apple_scab,train
Apple_scab/image (310).JPG,Apple_scab,train
Apple_scab/image (311).JPG,Apple_scab,train
Apple_scab/image (312).JPG,Apple_scab,train
Apple_scab/image (313).JPG,Apple_scab,train
Apple_scab/image (314).JPG,Apple_scab,train
Apple_scab/image (315).JPG,Apple_scab,train
Apple_scab/image (316).JPG,Apple_scab,train
Apple_scab/image (317).JPG,Apple_scab,train
Apple_scab/image (319).JPG,Apple_scab,train
Apple_scab/image (32).JPG,Apple_scab,train
Apple_scab/image (320).JPG,Apple_scab,train
Apple_scab/image (321).JPG,Apple_scab,train
Apple_scab/image (323).JPG,Apple_scab,train
Apple_scab/image (324).JPG,Apple_scab,train
Apple_scab/image (325).JPG,Apple_scab,train
Apple_scab/image (326).JPG,Apple_scab,train
Apple_scab/image (327).JPG,Apple_scab,train
Apple_scab/image (328).JPG,Apple_scab,train
Apple_scab/image (329).JPG,Apple_scab,train
Apple_scab/image (33).JPG,Apple_scab,train
Apple_scab/image (330).JPG,Apple_scab,train
Apple_scab/image (331).JPG,Apple_scab,train
Apple_scab/image (332).JPG,Apple_scab,train
Apple_scab/image (333).JPG,Apple_scab,train
Apple_scab/image (334).JPG,Apple_scab,train
Apple_scab/image (335).JPG,Apple_scab,train
Apple_scab/image (336).JPG,Apple_scab,train
Apple_scab/image (337).JPG,Apple_scab,train
Apple_scab/image (338).JPG,Apple_scab,train
Apple_scab/image (339).JPG,Apple_scab,train
Apple_scab/image (34).JPG,Apple_scab,train
Apple_scab/image (340).JPG,Apple_scab,train
Apple_scab/image (341).JPG,Apple_scab,train
Apple_scab/image (342).JPG,Apple_scab,train
Apple_scab/image (343).JPG,Apple_scab,train
Apple_scab/image (344).JPG,Apple_scab,train
Apple_scab/image (345).JPG,Apple_scab,train
Apple_scab/image (346).JPG,Apple_scab,train
Apple_scab/image (347).JPG,Apple_scab,train
Apple_scab/image (348).JPG,Apple_scab,train
Apple_scab/image (35).JPG,Apple_scab,train
Apple_scab/image (350).JPG,Apple_scab,train
Apple_scab/image (352).JPG,Apple_scab,train
Apple_scab/image (353).JPG,Apple_scab,train
Apple_scab/image (354).JPG,Apple_scab,train
Apple_scab/image (355).JPG,Apple_scab,train
Apple_scab/image (356).JPG,Apple_scab,train
Apple_scab/image (357).JPG,Apple_scab,train
Apple_scab/image (358).JPG,Apple_scab,train
Apple_scab/image (359).JPG,Apple_scab,train
Apple_scab/image (360).JPG,Apple_scab,train
Apple_scab/image (361).JPG,Apple_scab,train
Apple_scab/image (362).JPG,Apple_scab,train
Apple_scab/image (363).JPG,Apple_scab,train
Apple_scab/image (364).JPG,Apple_scab,train
Apple_scab/image (365).JPG,Apple_scab,train
Apple_scab/image (366).JPG,Apple_scab,train
Apple_scab/image (367).JPG,Apple_scab,train
Apple_scab/image (369).JPG,Apple_scab,train
Apple_scab/image (37).JPG,Apple_scab,train
Apple_scab/image (370).JPG,Apple_scab,train
Apple_scab/image (371).JPG,Apple_scab,train
Apple_scab/image (373).JPG,Apple_scab,train
Apple_scab/image (374).JPG,Apple_scab,train
Apple_scab/image (375).JPG,Apple_scab,train
Apple_scab/image (377).JPG,Apple_scab,train
Apple_scab/image (378).JPG,Apple_scab,train
Apple_scab/image (379).JPG,Apple_scab,train
Apple_scab/image (38).JPG,Apple_scab,train
Apple_scab/image (381).JPG,Apple_scab,train
Apple_scab/image (382).JPG,Apple_scab,train
Apple_scab/image (383).JPG,Apple_scab,train
Apple_scab/image (384).JPG,Apple_scab,train
Apple_scab/image (385).JPG,Apple_scab,train
Apple_scab/image (386).JPG,Apple_scab,train
Apple_scab/image (387).JPG,Apple_scab,train
Apple_scab/image (388).JPG,Apple_scab,train
Apple_scab/image (389).JPG,Apple_scab,train
Apple_scab/image (39).JPG,Apple_scab,train
Apple_scab/image (390).JPG,Apple_scab,train
Apple_scab/image (392).JPG,Apple_scab,train
Apple_scab/image (394).JPG,Apple_scab,train
Apple_scab/image (395).JPG,Apple_scab,train
Apple_scab/image (396).JPG,Apple_scab,train
Apple_scab/image (397).JPG,Apple_scab,train
Apple_scab/image (398).JPG,Apple_scab,train
Apple_scab/image (4).JPG,Apple_scab,train
Apple_scab/image (40).JPG,Apple_scab,train
Apple_scab/image (400).JPG,Apple_scab,train
Apple_scab/image (402).JPG,Apple_scab,train
Apple_scab/image (403).JPG,Apple_scab,train
Apple_scab/image (404).JPG,Apple_scab,train
Apple_scab/image (405).JPG,Apple_scab,train
Apple_scab/image (407).JPG,Apple_scab,train
Apple_scab/image (408).JPG,Apple_scab,train
Apple_scab/image (409).JPG,Apple_scab,train
Apple_scab/image (41).JPG,Apple_scab,train
Apple_scab/image (411).JPG,Apple_scab,train
Apple_scab/image (413).JPG,Apple_scab,train
Apple_scab/image (414).JPG,Apple_scab,train
Apple_scab/image (416).JPG,Apple_scab,train
Apple_scab/image (418).JPG,Apple_scab,train
Apple_scab/image (419).JPG,Apple_scab,train
Apple_scab/image (42).JPG,Apple_scab,train
Apple_scab/image (421).JPG,Apple_scab,train
Apple_scab/image (423).JPG,Apple_scab,train
Apple_scab/image (425).JPG,Apple_scab,train
Apple_scab/image (427).JPG,Apple_scab,train
Apple_scab/image (428).JPG,Apple_scab,train
Apple_scab/image (429).JPG,Apple_scab,train
Apple_scab/image (43).JPG,Apple_scab,train
Apple_scab/image (430).JPG,Apple_scab,train
Apple_scab/image (431).JPG,Apple_scab,train
Apple_scab/image (432).JPG,Apple_scab,train
Apple_scab/image (433).JPG,Apple_scab,train
Apple_scab/image (434).JPG,Apple_scab,train
Apple_scab/image (435).JPG,Apple_scab,train
Apple_scab/image (436).JPG,Apple_scab,train
Apple_scab/image (437).JPG,Apple_scab,train
Apple_scab/image (438).JPG,Apple_scab,train
Apple_scab/image (439).JPG,Apple_scab,train
Apple_scab/image (440).JPG,Apple_scab,train
Apple_scab/image (441).JPG,Apple_scab,train
Apple_scab/image (442).JPG,Apple_scab,train
Apple_scab/image (443).JPG,Apple_scab,train
Apple_scab/image (444).JPG,Apple_scab,train
Apple_scab/image (445).JPG,Apple_scab,train
Apple_scab/image (447).JPG,Apple_scab,train
Apple_scab/image (448).JPG,Apple_scab,train
Apple_scab/image (449).JPG,Apple_scab,train
Apple_scab/image (45).JPG,Apple_scab,train
Apple_scab/image (451).JPG,Apple_scab,train
Apple_scab/image (452).JPG,Apple_scab,train
Apple_scab/image (453).JPG,Apple_scab,train
Apple_scab/image (455).JPG,Apple_scab,train
Apple_scab/image (456).JPG,Apple_scab,train
Apple_scab/image (457).JPG,Apple_scab,train
Apple_scab/image (460).JPG,Apple_scab,train
Apple_scab/image (463).JPG,Apple_scab,train
Apple_scab/image (464).JPG,Apple_scab,train
Apple_scab/image (465).JPG,Apple_scab,train
Apple_scab/image (468).JPG,Apple_scab,train
Apple_scab/image (469).JPG,Apple_scab,train
Apple_scab/image (47).JPG,Apple_scab,train
Apple_scab/image (470).JPG,Apple_scab,train
Apple_scab/image (471).JPG,Apple_scab,train
Apple_scab/image (472).JPG,Apple_scab,train
Apple_scab/image (473).JPG,Apple_scab,train
Apple_scab/image (475).JPG,Apple_scab,train
Apple_scab/image (476).JPG,Apple_scab,train
Apple_scab/image (478).JPG,Apple_scab,train
Apple_scab/image (479).JPG,Apple_scab,train
Apple_scab/image (480).JPG,Apple_scab,train
Apple_scab/image (481).JPG,Apple_scab,train
Apple_scab/image (482).JPG,Apple_scab,train
Apple_scab/image (483).JPG,Apple_scab,train
Apple_scab/image (484).JPG,Apple_scab,train
Apple_scab/image (485).JPG,Apple_scab,train
Apple_scab/image (486).JPG,Apple_scab,train
Apple_scab/image (487).JPG,Apple_scab,train
Apple_scab/image (488).JPG,Apple_scab,train
Apple_scab/image (49).JPG,Apple_scab,train
Apple_scab/image (490).JPG,Apple_scab,train
Apple_scab/image (491).JPG,Apple_scab,train
Apple_scab/image (492).JPG,Apple_scab,train
Apple_scab/image (493).JPG,Apple_scab,train
Apple_scab/image (494).JPG,Apple_scab,train
Apple_scab/image (495).JPG,Apple_scab,train
Apple_scab/image (496).JPG,Apple_scab,train
Apple_scab/image (497).JPG,Apple_scab,train
Apple_scab/image (5).JPG,Apple_scab,train
Apple_scab/image (50).JPG,Apple_scab,train
Apple_scab/image (500).JPG,Apple_scab,train
Apple_scab/image (501).JPG,Apple_scab,train
Apple_scab/image (502).JPG,Apple_scab,train
Apple_scab/image (505).JPG,Apple_scab,train
Apple_scab/image (506).JPG,Apple_scab,train
Apple_scab/image (507).JPG,Apple_scab,train
Apple_scab/image (509).JPG,Apple_scab,train
Apple_scab/image (510).JPG,Apple_scab,train
Apple_scab/image (511).JPG,Apple_scab,train
Apple_scab/image (512).JPG,Apple_scab,train
Apple_scab/image (513).JPG,Apple_scab,train
Apple_scab/image (515).JPG,Apple_scab,train
Apple_scab/image (516).JPG,Apple_scab,train
Apple_scab/image (518).JPG,Apple_scab,train
Apple_scab/image (519).JPG,Apple_scab,train
Apple_scab/image (52).JPG,Apple_scab,train
Apple_scab/image (520).JPG,Apple_scab,train
Apple_scab/image (522).JPG,Apple_scab,train
Apple_scab/image (523).JPG,Apple_scab,train
Apple_scab/image (524).JPG,Apple_scab,train
Apple_scab/image (525).JPG,Apple_scab,train
Apple_scab/image (526).JPG,Apple_scab,train
Apple_scab/image (527).JPG,Apple_scab,train
Apple_scab/image (528).JPG,Apple_scab,train
Apple_scab/image (529).JPG,Apple_scab,train
Apple_scab/image (53).JPG,Apple_scab,train
Apple_scab/image (531).JPG,Apple_scab,train
Apple_scab/image (533).JPG,Apple_scab,train
Apple_scab/image (534).JPG,Apple_scab,train
Apple_scab/image (535).JPG,Apple_scab,train
Apple_scab/image (536).JPG,Apple_scab,train
Apple_scab/image (537).JPG,Apple_scab,train
Apple_scab/image (538).JPG,Apple_scab,train
Apple_scab/image (54).JPG,Apple_scab,train
Apple_scab/image (540).JPG,Apple_scab,train
Apple_scab/image (541).JPG,Apple_scab,train
Apple_scab/image (542).JPG,Apple_scab,train
Apple_scab/image (543).JPG,Apple_scab,train
Apple_scab/image (544).JPG,Apple_scab,train
Apple_scab/image (545).JPG,Apple_scab,train
Apple_scab/image (546).JPG,Apple_scab,train
Apple_scab/image (547).JPG,Apple_scab,train
Apple_scab/image (548).JPG,Apple_scab,train
Apple_scab/image (550).JPG,Apple_scab,train
Apple_scab/image (551).JPG,Apple_scab,train
Apple_scab/image (553).JPG,Apple_scab,train
Apple_scab/image (555).JPG,Apple_scab,train
Apple_scab/image (557).JPG,Apple_scab,train
Apple_scab/image (559).JPG,Apple_scab,train
Apple_scab/image (56).JPG,Apple_scab,train
Apple_scab/image (560).JPG,Apple_scab,train
Apple_scab/image (561).JPG,Apple_scab,train
Apple_scab/image (563).JPG,Apple_scab,train
Apple_scab/image (565).JPG,Apple_scab,train
Apple_scab/image (566).JPG,Apple_scab,train
Apple_scab/image (567).JPG,Apple_scab,train
Apple_scab/image (568).JPG,Apple_scab,train
Apple_scab/image (569).JPG,Apple_scab,train
Apple_scab/image (570).JPG,Apple_scab,train
Apple_scab/image (571).JPG,Apple_scab,train
Apple_scab/image (572).JPG,Apple_scab,train
Apple_scab/image (573).JPG,Apple_scab,train
Apple_scab/image (575).JPG,Apple_scab,train
Apple_scab/image (576).JPG,Apple_scab,train
Apple_scab/image (579).JPG,Apple_scab,train
Apple_scab/image (58).JPG,Apple_scab,train
Apple_scab/image (581).JPG,Apple_scab,train
Apple_scab/image (582).JPG,Apple_scab,train
Apple_scab/image (583).JPG,Apple_scab,train
Apple_scab/image (585).JPG,Apple_scab,train
Apple_scab/image (587).JPG,Apple_scab,train
Apple_scab/image (588).JPG,Apple_scab,train
Apple_scab/image (589).JPG,Apple_scab,train
Apple_scab/image (59).JPG,Apple_scab,train
Apple_scab/image (590).JPG,Apple_scab,train
Apple_scab/image (591).JPG,Apple_scab,train
Apple_scab/image (592).JPG,Apple_scab,train
Apple_scab/image (593).JPG,Apple_scab,train
Apple_scab/image (594).JPG,Apple_scab,train
Apple_scab/image (595).JPG,Apple_scab,train
Apple_scab/image (596).JPG,Apple_scab,train
Apple_scab/image (597).JPG,Apple_scab,train
Apple_scab/image (598).JPG,Apple_scab,train
Apple_scab/image (599).JPG,Apple_scab,train
Apple_scab/image (600).JPG,Apple_scab,train
Apple_scab/image (601).JPG,Apple_scab,train
Apple_scab/image (602).JPG,Apple_scab,train
Apple_scab/image (603).JPG,Apple_scab,train
Apple_scab/image (604).JPG,Apple_scab,train
Apple_scab/image (605).JPG,Apple_scab,train
Apple_scab/image (606).JPG,Apple_scab,train
Apple_scab/image (607).JPG,Apple_scab,train
Apple_scab/image (608).JPG,Apple_scab,train
Apple_scab/image (609).JPG,Apple_scab,train
Apple_scab/image (611).JPG,Apple_scab,train
Apple_scab/image (613).JPG,Apple_scab,train
Apple_scab/image (615).JPG,Apple_scab,train
Apple_scab/image (616).JPG,Apple_scab,train
Apple_scab/image (619).JPG,Apple_scab,train
Apple_scab/image (62).JPG,Apple_scab,train
Apple_scab/image (620).JPG,Apple_scab,train
Apple_scab/image (621).JPG,Apple_scab,train
Apple_scab/image (623).JPG,Apple_scab,train
Apple_scab/image (624).JPG,Apple_scab,train
Apple_scab/image (626).JPG,Apple_scab,train
Apple_scab/image (628).JPG,Apple_scab,train
Apple_scab/image (629).JPG,Apple_scab,train
Apple_scab/image (63).JPG,Apple_scab,train
Apple_scab/image (64).JPG,Apple_scab,train
Apple_scab/image (65).JPG,Apple_scab,train
Apple_scab/image (66).JPG,Apple_scab,train
Apple_scab/image (67).JPG,Apple_scab,train
Apple_scab/image (68).JPG,Apple_scab,train
Apple_scab/image (7).JPG,Apple_scab,train
Apple_scab/image (70).JPG,Apple_scab,train
Apple_scab/image (73).JPG,Apple_scab,train
Apple_scab/image (74).JPG,Apple_scab,train
Apple_scab/image (76).JPG,Apple_scab,train
Apple_scab/image (77).JPG,Apple_scab,train
Apple_scab/image (78).JPG,Apple_scab,train
Apple_scab/image (79).JPG,Apple_scab,train
Apple_scab/image (8).JPG,Apple_scab,train
Apple_scab/image (80).JPG,Apple_scab,train
Apple_scab/image (81).JPG,Apple_scab,train
Apple_scab/image (82).JPG,Apple_scab,train
Apple_scab/image (83).JPG,Apple_scab,train
Apple_scab/image (84).JPG,Apple_scab,train
Apple_scab/image (85).JPG,Apple_scab,train
Apple_scab/image (86).JPG,Apple_scab,train
Apple_scab/image (88).JPG,Apple_scab,train
Apple_scab/image (89).JPG,Apple_scab,train
Apple_scab/image (9).JPG,Apple_scab,train
Apple_scab/image (90).JPG,Apple_scab,train
Apple_scab/image (91).JPG,Apple_scab,train
Apple_scab/image (92).JPG,Apple_scab,train
Apple_scab/image (93).JPG,Apple_scab,train
Apple_scab/image (94).JPG,Apple_scab,train
Apple_scab/image (95).JPG,Apple_scab,train
Apple_scab/image (96).JPG,Apple_scab,train
Apple_scab/image (97).JPG,Apple_scab,train
Apple_scab/image (98).JPG,Apple_scab,train
Apple_scab/image (99).JPG,Apple_scab,train
Apple_Black_rot/image (240)_Flip.JPG,Apple_Black_rot,train
Apple_Black_rot/image (87)_Flip.JPG,Apple_Black_rot,train
Apple_Black_rot/image (147)_Crop.JPG,Apple_Black_rot,train
Apple_Black_rot/image (463)_Shear.JPG,Apple_Black_rot,train
Apple_Black_rot/image (156)_Skew.JPG,Apple_Black_rot,train
Apple_Black_rot/image (334)_ElasticDistortion.JPG,Apple_Black_rot,train
Apple_Black_rot/image (55)_GridDistortion.JPG,Apple_Black_rot,train
Apple_Black_rot/image (304)_Skew.JPG,Apple_Black_rot,train
Apple_Black_rot/image (549)_Shear.JPG,Apple_Black_rot,train
Apple_Black_rot/image (505)_Crop.JPG,Apple_Black_rot,train
Apple_Black_rot/image (431)_Crop.JPG,Apple_Black_rot,train
Apple_Black_rot/image (56)_Flip.JPG,Apple_Black_rot,train
Apple_Black_rot/image (454)_Shear.JPG,Apple_Black_rot,train
Apple_Black_rot/image (537)_Crop.JPG,Apple_Black_rot,train
Apple_Black_rot/image (456)_Rotate.JPG,Apple_Black_rot,train
Apple_Black_rot/image (161)_Skew.JPG,Apple_Black_rot,train
Apple_Black_rot/image (351)_Flip.JPG,Apple_Black_rot,train
Apple_Black_rot/image (40)_ElasticDistortion.JPG,Apple_Black_rot,train
Apple_Black_rot/image (201)_Shear.JPG,Apple_Black_rot,train
Apple_Black_rot/image (86)_Flip.JPG,Apple_Black_rot,train
Apple_Black_rot/image (465)_Crop.JPG,Apple_Black_rot,train
Apple_Black_rot/image (220)_GridDistortion.JPG,Apple_Black_rot,train
Apple_Black_rot/image (58)_Crop.JPG,Apple_Black_rot,train
Apple_Black_rot/image (293)_ElasticDistortion.JPG,Apple_Black_rot,train
Apple_Black_rot/image (105)_ElasticDistortion.JPG,Apple_Black_rot,train
Apple_Black_rot/image (179)_ElasticDistortion.JPG,Apple_Black_rot,train
Apple_Black_rot/image (74)_ElasticDistortion.JPG,Apple_Black_rot,train
Apple_Black_rot/image (607)_ElasticDistortion.JPG,Apple_Black_rot,train
Apple_Black_rot/image (322)_Rotate.JPG,Apple_Black_rot,train
Apple_Black_rot/image (335)_Skew.JPG,Apple_Black_rot,train
Apple_Black_rot/image (282)_Shear.JPG,Apple_Black_rot,train
Apple_Black_rot/image (28)_Flip.JPG,Apple_Black_rot,train
Apple_Black_rot/image (346)_ElasticDistortion.JPG,Apple_Black_rot,train
Apple_Black_rot/image (143)_Skew.JPG,Apple_Black_rot,train
Apple_Black_rot/image (210)_Crop.JPG,Apple_Black_rot,train
Apple_Black_rot/image (124)_Skew.JPG,Apple_Black_rot,train
Apple_Black_rot/image (504)_ElasticDistortion.JPG,Apple_Black_rot,train
Apple_Black_rot/image (444)_GridDistortion.JPG,Apple_Black_rot,train
Apple_Black_rot/image (233)_Flip.JPG,Apple_Black_rot,train
Apple_Black_rot/image (601)_ElasticDistortion.JPG,Apple_Black_rot,train
Apple_Black_rot/image (372)_Skew.JPG,Apple_Black_rot,train
Apple_Black_rot/image (341)_Crop.JPG,Apple_Black_rot,train
Apple_Black_rot/image (271)_Skew.JPG,Apple_Black_rot,train
Apple_Black_rot/image (298)_ElasticDistortion.JPG,Apple_Black_rot,train
Apple_Black_rot/image (495)_Shear.JPG,Apple_Black_rot,train
Apple_Black_rot/image (30)_Skew.JPG,Apple_Black_rot,train
Apple_Black_rot/image (328)_Shear.JPG,Apple_Black_rot,train
Apple_Black_rot/image (245)_ElasticDistortion.JPG,Apple_Black_rot,train
Apple_Black_rot/image (180)_Skew.JPG,Apple_Black_rot,train
Apple_Black_rot/image (590)_Crop.JPG,Apple_Black_rot,train
Apple_Black_rot/image (538)_Rotate.JPG,Apple_Black_rot,train
Apple_Black_rot/image (202)_Rotate.JPG,Apple_Black_rot,train
Apple_Black_rot/image (586)_Shear.JPG,Apple_Black_rot,train
Apple_Black_rot/image (617)_ElasticDistortion.JPG,Apple_Black_rot,train
Apple_Black_rot/image (151)_Shear.JPG,Apple_Black_rot,train
Apple_Black_rot/image (477)_ElasticDistortion.JPG,Apple_Black_rot,train
Apple_Black_rot/image (422)_ElasticDistortion.JPG,Apple_Black_rot,train
Apple_Black_rot/image (278)_Rotate.JPG,Apple_Black_rot,train
Apple_Black_rot/image (333)_Crop.JPG,Apple_Black_rot,train
Apple_Black_rot/image (599)_Crop.JPG,Apple_Black_rot,train
Apple_Black_rot/image (255)_Skew.JPG,Apple_Black_rot,train
Apple_Black_rot/image (199)_Shear.JPG,Apple_Black_rot,train
Apple_Black_rot/image (14)_Crop.JPG,Apple_Black_rot,train
Apple_Black_rot/image (542)_GridDistortion.JPG,Apple_Black_rot,train
Apple_Black_rot/image (102)_Flip.JPG,Apple_Black_rot,train
Apple_Black_rot/image (200)_Skew.JPG,Apple_Black_rot,train
Apple_Black_rot/image (83)_Skew.JPG,Apple_Black_rot,train
Apple_Black_rot/image (204)_Rotate.JPG,Apple_Black_rot,train
Apple_Black_rot/image (77)_Shear.JPG,Apple_Black_rot,train
Apple_Black_rot/image (284)_GridDistortion.JPG,Apple_Black_rot,train
Apple_Black_rot/image (242)_Crop.JPG,Apple_Black_rot,train
Apple_Black_rot/image (344)_Crop.JPG,Apple_Black_rot,train
Apple_Black_rot/image (307)_ElasticDistortion.JPG,Apple_Black_rot,train
Apple_Black_rot/image (283)_Skew.JPG,Apple_Black_rot,train
Apple_Black_rot/image (31)_Shear.JPG,Apple_Black_rot,train
Apple_Black_rot/image (378)_Shear.JPG,Apple_Black_rot,train
Apple_Black_rot/image (469)_Shear.JPG,Apple_Black_rot,train
Apple_Black_rot/image (337)_ElasticDistortion.JPG,Apple_Black_rot,train
Apple_Black_rot/image (314)_Rotate.JPG,Apple_Black_rot,train
Apple_Black_rot/image (109)_Crop.JPG,Apple_Black_rot,train
Apple_Black_rot/image (104)_Shear.JPG,Apple_Black_rot,train
Apple_Black_rot/image (400)_GridDistortion.JPG,Apple_Black_rot,train
Apple_Black_rot/image (5)_GridDistortion.JPG,Apple_Black_rot,train
Apple_Black_rot/image (59)_ElasticDistortion.JPG,Apple_Black_rot,train
Apple_Black_rot/image (207)_Rotate.JPG,Apple_Black_rot,train
Apple_Black_rot/image (481)_ElasticDistortion.JPG,Apple_Black_rot,train
Apple_Black_rot/image (198)_Flip.JPG,Apple_Black_rot,train
Apple_Black_rot/image (428)_Skew.JPG,Apple_Black_rot,train
Apple_Black_rot/image (129)_Crop.JPG,Apple_Black_rot,train
Apple_Black_rot/image (184)_ElasticDistortion.JPG,Apple_Black_rot,train
Apple_Black_rot/image (338)_ElasticDistortion.JPG,Apple_Black_rot,train
Apple_Black_rot/image (489)_Crop.JPG,Apple_Black_rot,train
Apple_Black_rot/image (518)_Skew.JPG,Apple_Black_rot,train
Apple_Black_rot/image (53)_Flip.JPG,Apple_Black_rot,train
Apple_Black_rot/image (57)_GridDistortion.JPG,Apple_Black_rot,train
Apple_Black_rot/image (41)_GridDistortion.JPG,Apple_Black_rot,train
Apple_Black_rot/image (413)_Rotate.JPG,Apple_Black_rot,train
Apple_Black_rot/image (270)_ElasticDistortion.JPG,Apple_Black_rot,train
Apple_Black_rot/image (352)_Skew.JPG,Apple_Black_rot,train
Apple_Black_rot/image (526)_Rotate.JPG,Apple_Black_rot,train
Apple_Black_rot/image (302)_GridDistortion.JPG,Apple_Black_rot,train
Apple_Black_rot/image (543)_Rotate.JPG,Apple_Black_rot,train
Apple_Black_rot/image (193)_Rotate.JPG,Apple_Black_rot,train
Apple_Black_rot/image (457)_Flip.JPG,Apple_Black_rot,train
Apple_Black_rot/image (34)_Flip.JPG,Apple_Black_rot,train
Apple_Black_rot/image (534)_Rotate.JPG,Apple_Black_rot,train
Apple_Black_rot/image (266)_Shear.JPG,Apple_Black_rot,train
Apple_Black_rot/image (448)_Crop.JPG,Apple_Black_rot,train
Apple_Black_rot/image (140)_GridDistortion.JPG,Apple_Black_rot,train
Apple_Black_rot/image (359)_GridDistortion.JPG,Apple_Black_rot,train
Apple_Black_rot/image (175)_Flip.JPG,Apple_Black_rot,train
Apple_Black_rot/image (216)_Shear.JPG,Apple_Black_rot,train
Apple_Black_rot/image (484)_Shear.JPG,Apple_Black_rot,train
Apple_Black_rot/image (373)_ElasticDistortion.JPG,Apple_Black_rot,train
Apple_Black_rot/image (388)_Crop.JPG,Apple_Black_rot,train
Apple_Black_rot/image (276)_Rotate.JPG,Apple_Black_rot,train
Apple_Black_rot/image (133)_ElasticDistortion.JPG,Apple_Black_rot,train
Apple_Black_rot/image (369)_ElasticDistortion.JPG,Apple_Black_rot,train
Apple_Black_rot/image (106)_Shear.JPG,Apple_Black_rot,train
Apple_Black_rot/image (398)_Shear.JPG,Apple_Black_rot,train
Apple_Black_rot/image (84)_Shear.JPG,Apple_Black_rot,train
Apple_Black_rot/image (355)_Rotate.JPG,Apple_Black_rot,train
Apple_Black_rot/image (450)_Rotate.JPG,Apple_Black_rot,train
Apple_Black_rot/image (51)_ElasticDistortion.JPG,Apple_Black_rot,train
Apple_Black_rot/image (423)_ElasticDistortion.JPG,Apple_Black_rot,train
Apple_Black_rot/image (343)_Flip.JPG,Apple_Black_rot,train
Apple_Black_rot/image (173)_GridDistortion.JPG,Apple_Black_rot,train
Apple_Black_rot/image (244)_GridDistortion.JPG,Apple_Black_rot,train
Apple_Black_rot/image (506)_GridDistortion.JPG,Apple_Black_rot,train
Apple_Black_rot/image (257)_Flip.JPG,Apple_Black_rot,train
Apple_Black_rot/image (100)_GridDistortion.JPG,Apple_Black_rot,train
Apple_Black_rot/image (121)_Shear.JPG,Apple_Black_rot,train
Apple_Black_rot/image (252)_Rotate.JPG,Apple_Black_rot,train
Apple_Black_rot/image (391)_Rotate.JPG,Apple_Black_rot,train
Apple_Black_rot/image (183)_GridDistortion.JPG,Apple_Black_rot,train
Apple_Black_rot/image (44)_ElasticDistortion.JPG,Apple_Black_rot,train
Apple_Black_rot/image (45)_Crop.JPG,Apple_Black_rot,train
Apple_Black_rot/image (591)_Shear.JPG,Apple_Black_rot,train
Apple_Black_rot/image (570)_Flip.JPG,Apple_Black_rot,train
Apple_Black_rot/image (301)_Crop.JPG,Apple_Black_rot,train
Apple_Black_rot/image (613)_Rotate.JPG,Apple_Black_rot,train
Apple_Black_rot/image (171)_GridDistortion.JPG,Apple_Black_rot,train
Apple_Black_rot/image (374)_Flip.JPG,Apple_Black_rot,train
Apple_Black_rot/image (246)_Shear.JPG,Apple_Black_rot,train
Apple_Black_rot/image (258)_Rotate.JPG,Apple_Black_rot,train
Apple_Black_rot/image (548)_GridDistortion.JPG,Apple_Black_rot,train
Apple_Black_rot/image (496)_Shear.JPG,Apple_Black_rot,train
Apple_Black_rot/image (4)_ElasticDistortion.JPG,Apple_Black_rot,train
Apple_Black_rot/image (368)_Crop.JPG,Apple_Black_rot,train
Apple_Black_rot/image (259)_Crop.JPG,Apple_Black_rot,train
Apple_Black_rot/image (394)_Crop.JPG,Apple_Black_rot,train
Apple_Black_rot/image (618)_Skew.JPG,Apple_Black_rot,train
Apple_Black_rot/image (475)_GridDistortion.JPG,Apple_Black_rot,train
Apple_Black_rot/image (274)_Shear.JPG,Apple_Black_rot,train
Apple_Black_rot/image (451)_Crop.JPG,Apple_Black_rot,train
Apple_Black_rot/image (12)_GridDistortion.JPG,Apple_Black_rot,train
Apple_Black_rot/image (595)_ElasticDistortion.JPG,Apple_Black_rot,train
Apple_Black_rot/image (123)_Crop.JPG,Apple_Black_rot,train
Apple_Black_rot/image (243)_Shear.JPG,Apple_Black_rot,train
Apple_Black_rot/image (37)_GridDistortion.JPG,Apple_Black_rot,train
Apple_Black_rot/image (429)_Crop.JPG,Apple_Black_rot,train
Apple_Black_rot/image (417)_Shear.JPG,Apple_Black_rot,train
Apple_Black_rot/image (7)_Rotate.JPG,Apple_Black_rot,train
Apple_Black_rot/image (494)_ElasticDistortion.JPG,Apple_Black_rot,train
Apple_Black_rot/image (262)_GridDistortion.JPG,Apple_Black_rot,train
Apple_Black_rot/image (326)_Shear.JPG,Apple_Black_rot,train
Apple_Black_rot/image (383)_Shear.JPG,Apple_Black_rot,train
Apple_Black_rot/image (460)_Skew.JPG,Apple_Black_rot,train
Apple_Black_rot/image (311)_GridDistortion.JPG,Apple_Black_rot,train
Apple_Black_rot/image (323)_Rotate.JPG,Apple_Black_rot,train
Apple_Black_rot/image (614)_GridDistortion.JPG,Apple_Black_rot,train
Apple_Black_rot/image (114)_ElasticDistortion.JPG,Apple_Black_rot,train
Apple_Black_rot/image (158)_Skew.JPG,Apple_Black_rot,train
Apple_Black_rot/image (181)_GridDistortion.JPG,Apple_Black_rot,train
Apple_Black_rot/image (67)_GridDistortion.JPG,Apple_Black_rot,train
Apple_Black_rot/image (141)_Crop.JPG,Apple_Black_rot,train
Apple_Black_rot/image (32)_Shear.JPG,Apple_Black_rot,train
Apple_Black_rot/image (75)_ElasticDistortion.JPG,Apple_Black_rot,train
Apple_Black_rot/image (70)_Rotate.JPG,Apple_Black_rot,train
Apple_Black_rot/image (300)_Skew.JPG,Apple_Black_rot,train
Apple_Black_rot/image (336)_Shear.JPG,Apple_Black_rot,train
Apple_Black_rot/image (503)_Flip.JPG,Apple_Black_rot,train
Apple_Black_rot/image (565)_ElasticDistortion.JPG,Apple_Black_rot,train
Apple_Black_rot/image (172)_Skew.JPG,Apple_Black_rot,train
Apple_Black_rot/image (21)_Rotate.JPG,Apple_Black_rot,train
Apple_Black_rot/image (512)_Skew.JPG,Apple_Black_rot,train
Apple_Black_rot/image (208)_Skew.JPG,Apple_Black_rot,train
Apple_Black_rot/image (531)_Skew.JPG,Apple_Black_rot,train
Apple_Black_rot/image (461)_Crop.JPG,Apple_Black_rot,train
Apple_Black_rot/image (68)_Flip.JPG,Apple_Black_rot,train
Apple_Black_rot/image (488)_Rotate.JPG,Apple_Black_rot,train
Apple_Black_rot/image (430)_Rotate.JPG,Apple_Black_rot,train
Apple_Black_rot/image (382)_Rotate.JPG,Apple_Black_rot,train
Apple_Black_rot/image (426)_Shear.JPG,Apple_Black_rot,train
Apple_Black_rot/image (144)_ElasticDistortion.JPG,Apple_Black_rot,train
Apple_Black_rot/image (162)_Rotate.JPG,Apple_Black_rot,train
Apple_Black_rot/image (316)_ElasticDistortion.JPG,Apple_Black_rot,train
Apple_Black_rot/image (567)_Rotate.JPG,Apple_Black_rot,train
Apple_Black_rot/image (467)_Flip.JPG,Apple_Black_rot,train
Apple_Black_rot/image (38)_Shear.JPG,Apple_Black_rot,train
Apple_Black_rot/image (523)_Shear.JPG,Apple_Black_rot,train
Apple_Black_rot/image (96)_Skew.JPG,Apple_Black_rot,train
Apple_Black_rot/image (349)_Crop.JPG,Apple_Black_rot,train
Apple_Black_rot/image (93)_Shear.JPG,Apple_Black_rot,train
Apple_Black_rot/image (224)_Shear.JPG,Apple_Black_rot,train
Apple_Black_rot/image (122)_Flip.JPG,Apple_Black_rot,train
Apple_Black_rot/image (578)_Rotate.JPG,Apple_Black_rot,train
Apple_Black_rot/image (230)_GridDistortion.JPG,Apple_Black_rot,train
Apple_Black_rot/image (569)_Shear.JPG,Apple_Black_rot,train
Apple_Black_rot/image (88)_Shear.JPG,Apple_Black_rot,train
Apple_Black_rot/image (482)_GridDistortion.JPG,Apple_Black_rot,train
Apple_Black_rot/image (425)_Crop.JPG,Apple_Black_rot,train
Apple_Black_rot/image (91)_ElasticDistortion.JPG,Apple_Black_rot,train
Apple_Black_rot/image (517)_Flip.JPG,Apple_Black_rot,train
Apple_Black_rot/image (365)_GridDistortion.JPG,Apple_Black_rot,train
Apple_Black_rot/image (592)_GridDistortion.JPG,Apple_Black_rot,train
Apple_Black_rot/image (582)_Crop.JPG,Apple_Black_rot,train
Apple_Black_rot/image (13)_Shear.JPG,Apple_Black_rot,train
Apple_Black_rot/image (409)_Shear.JPG,Apple_Black_rot,train
Apple_Black_rot/image (194)_Flip.JPG,Apple_Black_rot,train
Apple_Black_rot/image (353)_Skew.JPG,Apple_Black_rot,train
Apple_Black_rot/image (213)_Skew.JPG,Apple_Black_rot,train
Apple_Black_rot/image (79)_GridDistortion.JPG,Apple_Black_rot,train
Apple_Black_rot/image (128)_Shear.JPG,Apple_Black_rot,train
Apple_Black_rot/image (440)_GridDistortion.JPG,Apple_Black_rot,train
Apple_Black_rot/image (289)_GridDistortion.JPG,Apple_Black_rot,train
Apple_Black_rot/image (597)_Shear.JPG,Apple_Black_rot,train
Apple_Black_rot/image (73)_Crop.JPG,Apple_Black_rot,train
Apple_Black_rot/image (554)_ElasticDistortion.JPG,Apple_Black_rot,train
Apple_Black_rot/image (347)_ElasticDistortion.JPG,Apple_Black_rot,train
Apple_Black_rot/image (609)_Crop.JPG,Apple_Black_rot,train
Apple_Black_rot/image (215)_GridDistortion.JPG,Apple_Black_rot,train
Apple_Black_rot/image (419)_Crop.JPG,Apple_Black_rot,train
Apple_Black_rot/image (2)_Rotate.JPG,Apple_Black_rot,train
Apple_Black_rot/image (6)_Shear.JPG,Apple_Black_rot,train
Apple_Black_rot/image (290)_Rotate.JPG,Apple_Black_rot,train
Apple_Black_rot/image (362)_Skew.JPG,Apple_Black_rot,train
Apple_Black_rot/image (486)_Shear.JPG,Apple_Black_rot,train
Apple_Black_rot/image (15)_Shear.JPG,Apple_Black_rot,train
Apple_Black_rot/image (214)_Flip.JPG,Apple_Black_rot,train
Apple_Black_rot/image (332)_Shear.JPG,Apple_Black_rot,train
Apple_Black_rot/image (371)_Skew.JPG,Apple_Black_rot,train
Apple_Black_rot/image (324)_ElasticDistortion.JPG,Apple_Black_rot,train
Apple_Black_rot/image (164)_ElasticDistortion.JPG,Apple_Black_rot,train
Apple_Black_rot/image (455)_GridDistortion.JPG,Apple_Black_rot,train
Apple_Black_rot/image (260)_Shear.JPG,Apple_Black_rot,train
Apple_Black_rot/image (26)_ElasticDistortion.JPG,Apple_Black_rot,train
Apple_Black_rot/image (350)_Rotate.JPG,Apple_Black_rot,train
Apple_Black_rot/image (472)_GridDistortion.JPG,Apple_Black_rot,train
Apple_Black_rot/image (435)_Shear.JPG,Apple_Black_rot,train
Apple_Black_rot/image (536)_Rotate.JPG,Apple_Black_rot,train
Apple_Black_rot/image (530)_Crop.JPG,Apple_Black_rot,train
Apple_Black_rot/image (452)_Crop.JPG,Apple_Black_rot,train
Apple_Black_rot/image (237)_Flip.JPG,Apple_Black_rot,train
Apple_Black_rot/image (294)_Shear.JPG,Apple_Black_rot,train
Apple_Black_rot/image (558)_Crop.JPG,Apple_Black_rot,train
Apple_Black_rot/image (234)_Crop.JPG,Apple_Black_rot,train
Apple_Black_rot/image (395)_ElasticDistortion.JPG,Apple_Black_rot,train
Apple_Black_rot/image (292)_Flip.JPG,Apple_Black_rot,train
Apple_Black_rot/image (9)_Flip.JPG,Apple_Black_rot,train
Apple_Black_rot/image (136)_ElasticDistortion.JPG,Apple_Black_rot,train
Apple_Black_rot/image (399)_Shear.JPG,Apple_Black_rot,train
Apple_Black_rot/image (132)_Rotate.JPG,Apple_Black_rot,train
Apple_Black_rot/image (541)_GridDistortion.JPG,Apple_Black_rot,train
Apple_Black_rot/image (612)_Shear.JPG,Apple_Black_rot,train
Apple_Black_rot/image (524)_Rotate.JPG,Apple_Black_rot,train
Apple_Black_rot/image (521)_Flip.JPG,Apple_Black_rot,train
Apple_Black_rot/image (108)_Skew.JPG,Apple_Black_rot,train
Apple_Black_rot/image (296)_Shear.JPG,Apple_Black_rot,train
Apple_Black_rot/image (566)_Skew.JPG,Apple_Black_rot,train
Apple_Black_rot/image (227)_Rotate.JPG,Apple_Black_rot,train
Apple_Black_rot/image (545)_Shear.JPG,Apple_Black_rot,train
Apple_Black_rot/image (163)_Skew.JPG,Apple_Black_rot,train
Apple_Black_rot/image (356)_Skew.JPG,Apple_Black_rot,train
Apple_Black_rot/image (397)_GridDistortion.JPG,Apple_Black_rot,train
Apple_Black_rot/image (35)_Shear.JPG,Apple_Black_rot,train
Apple_Black_rot/image (589)_Skew.JPG,Apple_Black_rot,train
Apple_Black_rot/image (529)_GridDistortion.JPG,Apple_Black_rot,train
Apple_Black_rot/image (279)_GridDistortion.JPG,Apple_Black_rot,train
Apple_Black_rot/image (212)_Shear.JPG,Apple_Black_rot,train
Apple_Black_rot/image (445)_Skew.JPG,Apple_Black_rot,train
Apple_Black_rot/image (509)_GridDistortion.JPG,Apple_Black_rot,train
Apple_Black_rot/image (480)_Flip.JPG,Apple_Black_rot,train
Apple_Black_rot/image (471)_Shear.JPG,Apple_Black_rot,train
Apple_Black_rot/image (502)_Flip.JPG,Apple_Black_rot,train
Apple_Black_rot/image (192)_ElasticDistortion.JPG,Apple_Black_rot,train
Apple_Black_rot/image (414)_Crop.JPG,Apple_Black_rot,train
Apple_Black_rot/image (370)_Flip.JPG,Apple_Black_rot,train
Apple_Black_rot/image (170)_Skew.JPG,Apple_Black_rot,train
Apple_Black_rot/image (17)_Rotate.JPG,Apple_Black_rot,train
Apple_Black_rot/image (403)_ElasticDistortion.JPG,Apple_Black_rot,train
Apple_Black_rot/image (568)_Flip.JPG,Apple_Black_rot,train
Apple_Black_rot/image (375)_GridDistortion.JPG,Apple_Black_rot,train
Apple_Black_rot/image (145)_ElasticDistortion.JPG,Apple_Black_rot,train
Apple_Black_rot/image (587)_Flip.JPG,Apple_Black_rot,train
Apple_Black_rot/image (513)_GridDistortion.JPG,Apple_Black_rot,train
Apple_Black_rot/image (236)_Flip.JPG,Apple_Black_rot,train
Apple_Black_rot/image (131)_Rotate.JPG,Apple_Black_rot,train
Apple_Black_rot/image (235)_Rotate.JPG,Apple_Black_rot,train
Apple_Black_rot/image (277)_GridDistortion.JPG,Apple_Black_rot,train
Apple_Black_rot/image (491)_Flip.JPG,Apple_Black_rot,train
Apple_Black_rot/image (539)_Crop.JPG,Apple_Black_rot,train
Apple_Black_rot/image (107)_Rotate.JPG,Apple_Black_rot,train
Apple_Black_rot/image (379)_Rotate.JPG,Apple_Black_rot,train
Apple_Black_rot/image (285)_Rotate.JPG,Apple_Black_rot,train
Apple_Black_rot/image (1)_Shear.JPG,Apple_Black_rot,train
Apple_Black_rot/image (402)_ElasticDistortion.JPG,Apple_Black_rot,train
Apple_Black_rot/image (408)_Flip.JPG,Apple_Black_rot,train
Apple_Black_rot/image (190)_Crop.JPG,Apple_Black_rot,train
Apple_Black_rot/image (315)_Rotate.JPG,Apple_Black_rot,train
Apple_Black_rot/image (547)_Shear.JPG,Apple_Black_rot,train
Apple_Black_rot/image (71)_ElasticDistortion.JPG,Apple_Black_rot,train
Apple_Black_rot/image (564)_Skew.JPG,Apple_Black_rot,train
Apple_Black_rot/image (576)_GridDistortion.JPG,Apple_Black_rot,train
Apple_Black_rot/image (27)_Skew.JPG,Apple_Black_rot,train
Apple_Black_rot/image (157)_Rotate.JPG,Apple_Black_rot,train
Apple_Black_rot/image (39)_Crop.JPG,Apple_Black_rot,train
Apple_Black_rot/image (20)_Crop.JPG,Apple_Black_rot,train
Apple_Black_rot/image (387)_ElasticDistortion.JPG,Apple_Black_rot,train
Apple_Black_rot/image (497)_ElasticDistortion.JPG,Apple_Black_rot,train
Apple_Black_rot/image (10)_Flip.JPG,Apple_Black_rot,train
Apple_Black_rot/image (557)_GridDistortion.JPG,Apple_Black_rot,train
Apple_Black_rot/image (188)_GridDistortion.JPG,Apple_Black_rot,train
Apple_Black_rot/image (348)_Rotate.JPG,Apple_Black_rot,train
Apple_Black_rot/image (577)_Skew.JPG,Apple_Black_rot,train
Apple_Black_rot/image (97)_Flip.JPG,Apple_Black_rot,train
Apple_Black_rot/image (604)_Crop.JPG,Apple_Black_rot,train
Apple_Black_rot/image (546)_Flip.JPG,Apple_Black_rot,train
Apple_Black_rot/image (583)_Skew.JPG,Apple_Black_rot,train
Apple_Black_rot/image (160)_Crop.JPG,Apple_Black_rot,train
Apple_Black_rot/image (103)_ElasticDistortion.JPG,Apple_Black_rot,train
Apple_Black_rot/image (416)_Shear.JPG,Apple_Black_rot,train
Apple_Black_rot/image (241)_Shear.JPG,Apple_Black_rot,train
Apple_Black_rot/image (401)_ElasticDistortion.JPG,Apple_Black_rot,train
Apple_Black_rot/image (366)_Rotate.JPG,Apple_Black_rot,train
Apple_Black_rot/image (48)_Flip.JPG,Apple_Black_rot,train
Apple_Black_rot/image (319)_Crop.JPG,Apple_Black_rot,train
Apple_Black_rot/image (320)_ElasticDistortion.JPG,Apple_Black_rot,train
Apple_Black_rot/image (134)_GridDistortion.JPG,Apple_Black_rot,train
Apple_Black_rot/image (443)_ElasticDistortion.JPG,Apple_Black_rot,train
Apple_Black_rot/image (605)_Rotate.JPG,Apple_Black_rot,train
Apple_Black_rot/image (608)_Flip.JPG,Apple_Black_rot,train
Apple_Black_rot/image (575)_ElasticDistortion.JPG,Apple_Black_rot,train
Apple_Black_rot/image (185)_GridDistortion.JPG,Apple_Black_rot,train
Apple_Black_rot/image (159)_Skew.JPG,Apple_Black_rot,train
Apple_Black_rot/image (127)_GridDistortion.JPG,Apple_Black_rot,train
Apple_Black_rot/image (148)_ElasticDistortion.JPG,Apple_Black_rot,train
Apple_Black_rot/image (381)_Crop.JPG,Apple_Black_rot,train
Apple_Black_rot/image (390)_GridDistortion.JPG,Apple_Black_rot,train
Apple_Black_rot/image (176)_Flip.JPG,Apple_Black_rot,train
Apple_Black_rot/image (525)_GridDistortion.JPG,Apple_Black_rot,train
Apple_Black_rot/image (573)_Crop.JPG,Apple_Black_rot,train
Apple_Black_rot/image (33)_GridDistortion.JPG,Apple_Black_rot,train
Apple_Black_rot/image (432)_Flip.JPG,Apple_Black_rot,train
Apple_Black_rot/image (345)_Skew.JPG,Apple_Black_rot,train
Apple_Black_rot/image (434)_Crop.JPG,Apple_Black_rot,train
Apple_Black_rot/image (247)_Shear.JPG,Apple_Black_rot,train
Apple_Black_rot/image (407)_ElasticDistortion.JPG,Apple_Black_rot,train
Apple_Black_rot/image (72)_Skew.JPG,Apple_Black_rot,train
Apple_Black_rot/image (24)_Flip.JPG,Apple_Black_rot,train
Apple_Black_rot/image (90)_Crop.JPG,Apple_Black_rot,train
Apple_Black_rot/image (588)_ElasticDistortion.JPG,Apple_Black_rot,train
Apple_Black_rot/image (18)_Skew.JPG,Apple_Black_rot,train
Apple_Black_rot/image (36)_Flip.JPG,Apple_Black_rot,train
Apple_Black_rot/image (468)_GridDistortion.JPG,Apple_Black_rot,train
Apple_Black_rot/image (327)_Shear.JPG,Apple_Black_rot,train
Apple_Black_rot/image (385)_GridDistortion.JPG,Apple_Black_rot,train
Apple_Black_rot/image (474)_Shear.JPG,Apple_Black_rot,train
Apple_Black_rot/image (514)_Flip.JPG,Apple_Black_rot,train
Apple_Black_rot/image (519)_Shear.JPG,Apple_Black_rot,train
Apple_Black_rot/image (508)_Skew.JPG,Apple_Black_rot,train
Apple_Black_rot/image (424)_ElasticDistortion.JPG,Apple_Black_rot,train
Apple_Black_rot/image (22)_GridDistortion.JPG,Apple_Black_rot,train
Apple_Black_rot/image (135)_Shear.JPG,Apple_Black_rot,train
Apple_Black_rot/image (25)_ElasticDistortion.JPG,Apple_Black_rot,train
Apple_Black_rot/image (330)_Rotate.JPG,Apple_Black_rot,train
Apple_Black_rot/image (281)_Shear.JPG,Apple_Black_rot,train
Apple_Black_rot/image (8)_Rotate.JPG,Apple_Black_rot,train
Apple_Black_rot/image (23)_ElasticDistortion.JPG,Apple_Black_rot,train
Apple_Black_rot/image (130)_Crop.JPG,Apple_Black_rot,train
Apple_Black_rot/image (287)_ElasticDistortion.JPG,Apple_Black_rot,train
Apple_Black_rot/image (490)_Skew.JPG,Apple_Black_rot,train
Apple_Black_rot/image (63)_Crop.JPG,Apple_Black_rot,train
Apple_Black_rot/image (418)_GridDistortion.JPG,Apple_Black_rot,train
Apple_Black_rot/image (493)_Crop.JPG,Apple_Black_rot,train
Apple_Black_rot/image (98)_GridDistortion.JPG,Apple_Black_rot,train
Apple_Black_rot/image (251)_Shear.JPG,Apple_Black_rot,train
Apple_Black_rot/image (559)_Shear.JPG,Apple_Black_rot,train
Apple_Black_rot/image (361)_Shear.JPG,Apple_Black_rot,train
Apple_Black_rot/image (552)_GridDistortion.JPG,Apple_Black_rot,train
Apple_Black_rot/image (92)_ElasticDistortion.JPG,Apple_Black_rot,train
Apple_Black_rot/image (585)_Crop.JPG,Apple_Black_rot,train
Apple_Black_rot/image (404)_Skew.JPG,Apple_Black_rot,train
Apple_Black_rot/image (197)_Skew.JPG,Apple_Black_rot,train
Apple_Black_rot/image (555)_GridDistortion.JPG,Apple_Black_rot,train
Apple_Black_rot/image (449)_Rotate.JPG,Apple_Black_rot,train
Apple_Black_rot/image (139)_GridDistortion.JPG,Apple_Black_rot,train
Apple_Black_rot/image (47)_Flip.JPG,Apple_Black_rot,train
Apple_Black_rot/image (49)_Skew.JPG,Apple_Black_rot,train
Apple_Black_rot/image (69)_Shear.JPG,Apple_Black_rot,train
Apple_Black_rot/image (249)_Rotate.JPG,Apple_Black_rot,train
Apple_Black_rot/image (483)_GridDistortion.JPG,Apple_Black_rot,train
Apple_Black_rot/image (219)_Shear.JPG,Apple_Black_rot,train
Apple_Black_rot/image (303)_Crop.JPG,Apple_Black_rot,train
Apple_Black_rot/image (313)_Crop.JPG,Apple_Black_rot,train
Apple_Black_rot/image (191)_ElasticDistortion.JPG,Apple_Black_rot,train
Apple_Black_rot/image (309)_Shear.JPG,Apple_Black_rot,train
Apple_Black_rot/image (464)_Skew.JPG,Apple_Black_rot,train
Apple_Black_rot/image (358)_Flip.JPG,Apple_Black_rot,train
Apple_Black_rot/image (602)_Shear.JPG,Apple_Black_rot,train
Apple_Black_rot/image (594)_GridDistortion.JPG,Apple_Black_rot,train
Apple_Black_rot/image (153)_Skew.JPG,Apple_Black_rot,train
Apple_Black_rot/image (76)_Rotate.JPG,Apple_Black_rot,train
Apple_Black_rot/image (579)_Shear.JPG,Apple_Black_rot,train
Apple_Black_rot/image (261)_Rotate.JPG,Apple_Black_rot,train
Apple_Black_rot/image (540)_Skew.JPG,Apple_Black_rot,train
Apple_Black_rot/image (228)_GridDistortion.JPG,Apple_Black_rot,train
Apple_Black_rot/image (478)_Skew.JPG,Apple_Black_rot,train
Apple_Black_rot/image (126)_Skew.JPG,Apple_Black_rot,train
Apple_Black_rot/image (138)_Skew.JPG,Apple_Black_rot,train
Apple_Black_rot/image (501)_Crop.JPG,Apple_Black_rot,train
Apple_Black_rot/image (209)_ElasticDistortion.JPG,Apple_Black_rot,train
Apple_Black_rot/image (43)_Skew.JPG,Apple_Black_rot,train
Apple_Black_rot/image (308)_Crop.JPG,Apple_Black_rot,train
Apple_Black_rot/image (453)_Flip.JPG,Apple_Black_rot,train
Apple_Black_rot/image (458)_Crop.JPG,Apple_Black_rot,train
Apple_Black_rot/image (574)_Rotate.JPG,Apple_Black_rot,train
Apple_Black_rot/image (264)_Flip.JPG,Apple_Black_rot,train
Apple_Black_rot/image (415)_Rotate.JPG,Apple_Black_rot,train
Apple_Black_rot/image (142)_ElasticDistortion.JPG,Apple_Black_rot,train
Apple_Black_rot/image (317)_Shear.JPG,Apple_Black_rot,train
Apple_Black_rot/image (165)_Shear.JPG,Apple_Black_rot,train
Apple_Black_rot/image (406)_Crop.JPG,Apple_Black_rot,train
Apple_Black_rot/image (360)_GridDistortion.JPG,Apple_Black_rot,train
Apple_Black_rot/image (515)_Rotate.JPG,Apple_Black_rot,train
Apple_Black_rot/image (125)_ElasticDistortion.JPG,Apple_Black_rot,train
Apple_Black_rot/image (561)_Shear.JPG,Apple_Black_rot,train
Apple_Black_rot/image (248)_ElasticDistortion.JPG,Apple_Black_rot,train
Apple_Black_rot/image (447)_ElasticDistortion.JPG,Apple_Black_rot,train
Apple_Black_rot/image (3)_Shear.JPG,Apple_Black_rot,train
Apple_Black_rot/image (584)_Shear.JPG,Apple_Black_rot,train
Apple_Black_rot/image (305)_GridDistortion.JPG,Apple_Black_rot,train
Apple_Black_rot/image (150)_Flip.JPG,Apple_Black_rot,train
Apple_Black_rot/image (318)_Flip.JPG,Apple_Black_rot,train
Apple_Black_rot/image (78)_Skew.JPG,Apple_Black_rot,train
Apple_Black_rot/image (89)_Rotate.JPG,Apple_Black_rot,train
Apple_Black_rot/image (295)_Shear.JPG,Apple_Black_rot,train
Apple_Black_rot/image (535)_ElasticDistortion.JPG,Apple_Black_rot,train
Apple_Black_rot/image (221)_Rotate.JPG,Apple_Black_rot,train
Apple_Black_rot/image (187)_Skew.JPG,Apple_Black_rot,train
Apple_Black_rot/image (616)_ElasticDistortion.JPG,Apple_Black_rot,train
Apple_Black_rot/image (297)_Crop.JPG,Apple_Black_rot,train
Apple_Black_rot/image (82)_Skew.JPG,Apple_Black_rot,train
Apple_Black_rot/image (498)_Shear.JPG,Apple_Black_rot,train
Apple_Black_rot/image (189)_Crop.JPG,Apple_Black_rot,train
Apple_Black_rot/image (560)_Crop.JPG,Apple_Black_rot,train
Apple_Black_rot/image (533)_Skew.JPG,Apple_Black_rot,train
Apple_Black_rot/image (101)_Shear.JPG,Apple_Black_rot,train
Apple_Black_rot/image (596)_ElasticDistortion.JPG,Apple_Black_rot,train
Apple_Black_rot/image (563)_Crop.JPG,Apple_Black_rot,train
Apple_Black_rot/image (256)_Skew.JPG,Apple_Black_rot,train
Apple_Black_rot/image (436)_Skew.JPG,Apple_Black_rot,train
Apple_Black_rot/image (354)_ElasticDistortion.JPG,Apple_Black_rot,train
Apple_Black_rot/image (223)_Shear.JPG,Apple_Black_rot,train
Apple_Black_rot/image (340)_Skew.JPG,Apple_Black_rot,train
Apple_Black_rot/image (85)_Skew.JPG,Apple_Black_rot,train
Apple_Black_rot/image (50)_Skew.JPG,Apple_Black_rot,train
Apple_Black_rot/image (470)_Rotate.JPG,Apple_Black_rot,train
Apple_Black_rot/image (507)_Flip.JPG,Apple_Black_rot,train
Apple_Black_rot/image (211)_ElasticDistortion.JPG,Apple_Black_rot,train
Apple_Black_rot/image (42)_Rotate.JPG,Apple_Black_rot,train
Apple_Black_rot/image (113)_Skew.JPG,Apple_Black_rot,train
Apple_Black_rot/image (446)_Flip.JPG,Apple_Black_rot,train
Apple_Black_rot/image (389)_ElasticDistortion.JPG,Apple_Black_rot,train
Apple_Black_rot/image (231)_Crop.JPG,Apple_Black_rot,train
Apple_Black_rot/image (222)_GridDistortion.JPG,Apple_Black_rot,train
Apple_Black_rot/image (149)_ElasticDistortion.JPG,Apple_Black_rot,train
Apple_Black_rot/image (116)_Rotate.JPG,Apple_Black_rot,train
Apple_Black_rot/image (117)_Rotate.JPG,Apple_Black_rot,train
Apple_Black_rot/image (342)_Rotate.JPG,Apple_Black_rot,train
Apple_Black_rot/image (437)_ElasticDistortion.JPG,Apple_Black_rot,train
Apple_Black_rot/image (146)_Shear.JPG,Apple_Black_rot,train
Apple_Black_rot/image (412)_Skew.JPG,Apple_Black_rot,train
Apple_Black_rot/image (611)_ElasticDistortion.JPG,Apple_Black_rot,train
Apple_Black_rot/image (94)_Crop.JPG,Apple_Black_rot,train
Apple_Black_rot/image (487)_GridDistortion.JPG,Apple_Black_rot,train
Apple_Black_rot/image (154)_Crop.JPG,Apple_Black_rot,train
Apple_Black_rot/image (52)_Crop.JPG,Apple_Black_rot,train
Apple_Black_rot/image (178)_Skew.JPG,Apple_Black_rot,train
Apple_Black_rot/image (226)_Flip.JPG,Apple_Black_rot,train
Apple_Black_rot/image (238)_GridDistortion.JPG,Apple_Black_rot,train
Apple_Black_rot/image (253)_Rotate.JPG,Apple_Black_rot,train
Apple_Black_rot/image (522)_Skew.JPG,Apple_Black_rot,train
Apple_Black_rot/image (110)_Rotate.JPG,Apple_Black_rot,train
Apple_Black_rot/image (16)_Skew.JPG,Apple_Black_rot,train
Apple_Black_rot/image (466)_Rotate.JPG,Apple_Black_rot,train
Apple_Black_rot/image (370)_ElasticDistortion.JPG,Apple_Black_rot,train
Apple_Black_rot/image (16)_GridDistortion.JPG,Apple_Black_rot,train
Apple_Black_rot/image (92)_GridDistortion.JPG,Apple_Black_rot,train
Apple_Black_rot/image (213)_Rotate.JPG,Apple_Black_rot,train
Apple_Black_rot/image (133)_Shear.JPG,Apple_Black_rot,train
Apple_Black_rot/image (106)_GridDistortion.JPG,Apple_Black_rot,train
Apple_Black_rot/image (304)_Flip.JPG,Apple_Black_rot,train
Apple_Black_rot/image (592)_Shear.JPG,Apple_Black_rot,train
Apple_Black_rot/image (210)_ElasticDistortion.JPG,Apple_Black_rot,train
Apple_Black_rot/image (243)_Crop.JPG,Apple_Black_rot,train
Apple_Black_rot/image (513)_Skew.JPG,Apple_Black_rot,train
Apple_Black_rot/image (52)_Flip.JPG,Apple_Black_rot,train
Apple_Black_rot/image (618)_GridDistortion.JPG,Apple_Black_rot,train
Apple_Black_rot/image (475)_Skew.JPG,Apple_Black_rot,train
Apple_Black_rot/image (178)_Rotate.JPG,Apple_Black_rot,train
Apple_Black_rot/image (257)_Crop.JPG,Apple_Black_rot,train
Apple_Black_rot/image (423)_Shear.JPG,Apple_Black_rot,train
Apple_Black_rot/image (379)_Skew.JPG,Apple_Black_rot,train
Apple_Black_rot/image (430)_Shear.JPG,Apple_Black_rot,train
Apple_Black_rot/image (246)_Flip.JPG,Apple_Black_rot,train
Apple_Black_rot/image (504)_GridDistortion.JPG,Apple_Black_rot,train
Apple_Black_rot/image (77)_Skew.JPG,Apple_Black_rot,train
Apple_Black_rot/image (98)_Crop.JPG,Apple_Black_rot,train
Apple_Black_rot/image (489)_GridDistortion.JPG,Apple_Black_rot,train
Apple_Black_rot/image (245)_Skew.JPG,Apple_Black_rot,train
Apple_Black_rot/image (399)_Flip.JPG,Apple_Black_rot,train
Apple_Black_rot/image (71)_Shear.JPG,Apple_Black_rot,train
Apple_Black_rot/image (116)_Shear.JPG,Apple_Black_rot,train
Apple_Black_rot/image (270)_Rotate.JPG,Apple_Black_rot,train
Apple_Black_rot/image (157)_Flip.JPG,Apple_Black_rot,train
Apple_Black_rot/image (533)_Crop.JPG,Apple_Black_rot,train
Apple_Black_rot/image (446)_Rotate.JPG,Apple_Black_rot,train
Apple_Black_rot/image (201)_GridDistortion.JPG,Apple_Black_rot,train
Apple_Black_rot/image (383)_Rotate.JPG,Apple_Black_rot,train
Apple_Black_rot/image (313)_GridDistortion.JPG,Apple_Black_rot,train
Apple_Black_rot/image (219)_GridDistortion.JPG,Apple_Black_rot,train
Apple_Black_rot/image (74)_Crop.JPG,Apple_Black_rot,train
Apple_Black_rot/image (529)_Flip.JPG,Apple_Black_rot,train
Apple_Black_rot/image (594)_Flip.JPG,Apple_Black_rot,train
Apple_Black_rot/image (497)_Skew.JPG,Apple_Black_rot,train
Apple_Black_rot/image (407)_Rotate.JPG,Apple_Black_rot,train
Apple_Black_rot/image (344)_Rotate.JPG,Apple_Black_rot,train
Apple_Black_rot/image (309)_ElasticDistortion.JPG,Apple_Black_rot,train
Apple_Black_rot/image (303)_Rotate.JPG,Apple_Black_rot,train
Apple_Black_rot/image (176)_Rotate.JPG,Apple_Black_rot,train
Apple_Black_rot/image (173)_Crop.JPG,Apple_Black_rot,train
Apple_Black_rot/image (612)_Rotate.JPG,Apple_Black_rot,train
Apple_Black_rot/image (298)_Crop.JPG,Apple_Black_rot,train
Apple_Black_rot/image (401)_Rotate.JPG,Apple_Black_rot,train
Apple_Black_rot/image (301)_Rotate.JPG,Apple_Black_rot,train
Apple_Black_rot/image (477)_Skew.JPG,Apple_Black_rot,train
Apple_Black_rot/image (354)_Rotate.JPG,Apple_Black_rot,train
Apple_Black_rot/image (466)_ElasticDistortion.JPG,Apple_Black_rot,train
Apple_Black_rot/image (51)_Flip.JPG,Apple_Black_rot,train
Apple_Black_rot/image (171)_Skew.JPG,Apple_Black_rot,train
Apple_Black_rot/image (158)_Rotate.JPG,Apple_Black_rot,train
Apple_Black_rot/image (417)_Rotate.JPG,Apple_Black_rot,train
Apple_Black_rot/image (33)_Crop.JPG,Apple_Black_rot,train
Apple_Black_rot/image (153)_Shear.JPG,Apple_Black_rot,train
Apple_Black_rot/image (474)_Rotate.JPG,Apple_Black_rot,train
Apple_Black_rot/image (3)_Flip.JPG,Apple_Black_rot,train
Apple_Black_rot/image (8)_GridDistortion.JPG,Apple_Black_rot,train
Apple_Black_rot/image (296)_Flip.JPG,Apple_Black_rot,train
Apple_Black_rot/image (316)_Rotate.JPG,Apple_Black_rot,train
Apple_Black_rot/image (124)_Flip.JPG,Apple_Black_rot,train
Apple_Black_rot/image (136)_Skew.JPG,Apple_Black_rot,train
Apple_Black_rot/image (451)_Rotate.JPG,Apple_Black_rot,train
Apple_Black_rot/image (587)_ElasticDistortion.JPG,Apple_Black_rot,train
Apple_Black_rot/image (490)_Shear.JPG,Apple_Black_rot,train
Apple_Black_rot/image (244)_Flip.JPG,Apple_Black_rot,train
Apple_Black_rot/image (84)_Rotate.JPG,Apple_Black_rot,train
Apple_Black_rot/image (125)_Skew.JPG,Apple_Black_rot,train
Apple_Black_rot/image (85)_Flip.JPG,Apple_Black_rot,train
Apple_Black_rot/image (546)_Skew.JPG,Apple_Black_rot,train
Apple_Black_rot/image (402)_GridDistortion.JPG,Apple_Black_rot,train
Apple_Black_rot/image (283)_Crop.JPG,Apple_Black_rot,train
Apple_Black_rot/image (549)_ElasticDistortion.JPG,Apple_Black_rot,train
Apple_Black_rot/image (468)_Flip.JPG,Apple_Black_rot,train
Apple_Black_rot/image (588)_GridDistortion.JPG,Apple_Black_rot,train
Apple_Black_rot/image (102)_Rotate.JPG,Apple_Black_rot,train
Apple_Black_rot/image (159)_Crop.JPG,Apple_Black_rot,train
Apple_Black_rot/image (320)_Shear.JPG,Apple_Black_rot,train
Apple_Black_rot/image (103)_Skew.JPG,Apple_Black_rot,train
Apple_Black_rot/image (362)_ElasticDistortion.JPG,Apple_Black_rot,train
Apple_Black_rot/image (2)_ElasticDistortion.JPG,Apple_Black_rot,train
Apple_Black_rot/image (110)_Flip.JPG,Apple_Black_rot,train
Apple_Black_rot/image (56)_Crop.JPG,Apple_Black_rot,train
Apple_Black_rot/image (315)_ElasticDistortion.JPG,Apple_Black_rot,train
Apple_Black_rot/image (449)_Skew.JPG,Apple_Black_rot,train
Apple_Black_rot/image (294)_ElasticDistortion.JPG,Apple_Black_rot,train
Apple_Black_rot/image (317)_Flip.JPG,Apple_Black_rot,train
Apple_Black_rot/image (501)_GridDistortion.JPG,Apple_Black_rot,train
Apple_Black_rot/image (187)_GridDistortion.JPG,Apple_Black_rot,train
Apple_Black_rot/image (127)_Crop.JPG,Apple_Black_rot,train
Apple_Black_rot/image (305)_Skew.JPG,Apple_Black_rot,train
Apple_Black_rot/image (130)_Shear.JPG,Apple_Black_rot,train
Apple_Black_rot/image (573)_GridDistortion.JPG,Apple_Black_rot,train
Apple_Black_rot/image (212)_Flip.JPG,Apple_Black_rot,train
Apple_Black_rot/image (131)_Flip.JPG,Apple_Black_rot,train
Apple_Black_rot/image (505)_Shear.JPG,Apple_Black_rot,train
Apple_Black_rot/image (514)_Crop.JPG,Apple_Black_rot,train
Apple_Black_rot/image (323)_Crop.JPG,Apple_Black_rot,train
Apple_Black_rot/image (76)_GridDistortion.JPG,Apple_Black_rot,train
Apple_Black_rot/image (78)_Flip.JPG,Apple_Black_rot,train
Apple_Black_rot/image (36)_Crop.JPG,Apple_Black_rot,train
Apple_Black_rot/image (21)_GridDistortion.JPG,Apple_Black_rot,train
Apple_Black_rot/image (197)_Crop.JPG,Apple_Black_rot,train
Apple_Black_rot/image (524)_Flip.JPG,Apple_Black_rot,train
Apple_Black_rot/image (388)_Flip.JPG,Apple_Black_rot,train
Apple_Black_rot/image (394)_Skew.JPG,Apple_Black_rot,train
Apple_Black_rot/image (574)_ElasticDistortion.JPG,Apple_Black_rot,train
Apple_Black_rot/image (31)_Rotate.JPG,Apple_Black_rot,train
Apple_Black_rot/image (570)_Rotate.JPG,Apple_Black_rot,train
Apple_Black_rot/image (412)_Rotate.JPG,Apple_Black_rot,train
Apple_Black_rot/image (342)_Shear.JPG,Apple_Black_rot,train
Apple_Black_rot/image (483)_Crop.JPG,Apple_Black_rot,train
Apple_Black_rot/image (58)_GridDistortion.JPG,Apple_Black_rot,train
Apple_Black_rot/image (373)_Crop.JPG,Apple_Black_rot,train
Apple_Black_rot/image (590)_ElasticDistortion.JPG,Apple_Black_rot,train
Apple_Black_rot/image (437)_GridDistortion.JPG,Apple_Black_rot,train
Apple_Black_rot/image (360)_Skew.JPG,Apple_Black_rot,train
Apple_Black_rot/image (522)_Crop.JPG,Apple_Black_rot,train
Apple_Black_rot/image (495)_ElasticDistortion.JPG,Apple_Black_rot,train
Apple_Black_rot/image (578)_ElasticDistortion.JPG,Apple_Black_rot,train
Apple_Black_rot/image (220)_Skew.JPG,Apple_Black_rot,train
Apple_Black_rot/image (150)_Crop.JPG,Apple_Black_rot,train
Apple_Black_rot/image (480)_ElasticDistortion.JPG,Apple_Black_rot,train
Apple_Black_rot/image (608)_ElasticDistortion.JPG,Apple_Black_rot,train
Apple_Black_rot/image (328)_Crop.JPG,Apple_Black_rot,train
Apple_Black_rot/image (87)_Rotate.JPG,Apple_Black_rot,train
Apple_Black_rot/image (63)_GridDistortion.JPG,Apple_Black_rot,train
Apple_Black_rot/image (450)_Flip.JPG,Apple_Black_rot,train
Apple_Black_rot/image (68)_GridDistortion.JPG,Apple_Black_rot,train
Apple_Black_rot/image (353)_GridDistortion.JPG,Apple_Black_rot,train
Apple_Black_rot/image (455)_Crop.JPG,Apple_Black_rot,train
Apple_Black_rot/image (142)_GridDistortion.JPG,Apple_Black_rot,train
Apple_Black_rot/image (39)_Rotate.JPG,Apple_Black_rot,train
Apple_Black_rot/image (539)_Shear.JPG,Apple_Black_rot,train
Apple_Black_rot/image (100)_Shear.JPG,Apple_Black_rot,train
Apple_Black_rot/image (37)_Rotate.JPG,Apple_Black_rot,train
Apple_Black_rot/image (512)_Crop.JPG,Apple_Black_rot,train
Apple_Black_rot/image (170)_Shear.JPG,Apple_Black_rot,train
Apple_Black_rot/image (548)_Shear.JPG,Apple_Black_rot,train
Apple_Black_rot/image (557)_Shear.JPG,Apple_Black_rot,train
Apple_Black_rot/image (324)_Shear.JPG,Apple_Black_rot,train
Apple_Black_rot/image (6)_GridDistortion.JPG,Apple_Black_rot,train
Apple_Black_rot/image (40)_Flip.JPG,Apple_Black_rot,train
Apple_Black_rot/image (326)_Skew.JPG,Apple_Black_rot,train
Apple_Black_rot/image (311)_Shear.JPG,Apple_Black_rot,train
Apple_Black_rot/image (146)_Skew.JPG,Apple_Black_rot,train
Apple_Black_rot/image (601)_GridDistortion.JPG,Apple_Black_rot,train
Apple_Black_rot/image (470)_Shear.JPG,Apple_Black_rot,train
Apple_Black_rot/image (506)_Skew.JPG,Apple_Black_rot,train
Apple_Black_rot/image (352)_Rotate.JPG,Apple_Black_rot,train
Apple_Black_rot/image (538)_GridDistortion.JPG,Apple_Black_rot,train
Apple_Black_rot/image (518)_Crop.JPG,Apple_Black_rot,train
Apple_Black_rot/image (614)_Flip.JPG,Apple_Black_rot,train
Apple_Black_rot/image (221)_Flip.JPG,Apple_Black_rot,train
Apple_Black_rot/image (204)_Flip.JPG,Apple_Black_rot,train
Apple_Black_rot/image (20)_Flip.JPG,Apple_Black_rot,train
Apple_Black_rot/image (181)_Shear.JPG,Apple_Black_rot,train
Apple_Black_rot/image (424)_Flip.JPG,Apple_Black_rot,train
Apple_Black_rot/image (191)_GridDistortion.JPG,Apple_Black_rot,train
Apple_Black_rot/image (49)_GridDistortion.JPG,Apple_Black_rot,train
Apple_Black_rot/image (79)_Skew.JPG,Apple_Black_rot,train
Apple_Black_rot/image (526)_Skew.JPG,Apple_Black_rot,train
Apple_Black_rot/image (144)_Crop.JPG,Apple_Black_rot,train
Apple_Black_rot/image (224)_Flip.JPG,Apple_Black_rot,train
Apple_Black_rot/image (467)_ElasticDistortion.JPG,Apple_Black_rot,train
Apple_Black_rot/image (282)_ElasticDistortion.JPG,Apple_Black_rot,train
Apple_Black_rot/image (537)_ElasticDistortion.JPG,Apple_Black_rot,train
Apple_Black_rot/image (222)_Skew.JPG,Apple_Black_rot,train
Apple_Black_rot/image (91)_GridDistortion.JPG,Apple_Black_rot,train
Apple_Black_rot/image (413)_Flip.JPG,Apple_Black_rot,train
Apple_Black_rot/image (18)_Crop.JPG,Apple_Black_rot,train
Apple_Black_rot/image (452)_Skew.JPG,Apple_Black_rot,train
Apple_Black_rot/image (530)_GridDistortion.JPG,Apple_Black_rot,train
Apple_Black_rot/image (12)_Shear.JPG,Apple_Black_rot,train
Apple_Black_rot/image (278)_GridDistortion.JPG,Apple_Black_rot,train
Apple_Black_rot/image (397)_Flip.JPG,Apple_Black_rot,train
Apple_Black_rot/image (251)_Skew.JPG,Apple_Black_rot,train
Apple_Black_rot/image (400)_Crop.JPG,Apple_Black_rot,train
Apple_Black_rot/image (28)_Shear.JPG,Apple_Black_rot,train
Apple_Black_rot/image (73)_Skew.JPG,Apple_Black_rot,train
Apple_Black_rot/image (346)_Flip.JPG,Apple_Black_rot,train
Apple_Black_rot/image (389)_Crop.JPG,Apple_Black_rot,train
Apple_Black_rot/image (295)_ElasticDistortion.JPG,Apple_Black_rot,train
Apple_Black_rot/image (9)_Skew.JPG,Apple_Black_rot,train
Apple_Black_rot/image (488)_Skew.JPG,Apple_Black_rot,train
Apple_Black_rot/image (341)_GridDistortion.JPG,Apple_Black_rot,train
Apple_Black_rot/image (534)_Crop.JPG,Apple_Black_rot,train
Apple_Black_rot/image (30)_Rotate.JPG,Apple_Black_rot,train
Apple_Black_rot/image (42)_Flip.JPG,Apple_Black_rot,train
Apple_Black_rot/image (194)_Shear.JPG,Apple_Black_rot,train
Apple_Black_rot/image (540)_ElasticDistortion.JPG,Apple_Black_rot,train
Apple_Black_rot/image (233)_Shear.JPG,Apple_Black_rot,train
Apple_Black_rot/image (122)_Rotate.JPG,Apple_Black_rot,train
Apple_Black_rot/image (141)_Skew.JPG,Apple_Black_rot,train
Apple_Black_rot/image (289)_Crop.JPG,Apple_Black_rot,train
Apple_Black_rot/image (432)_Skew.JPG,Apple_Black_rot,train
Apple_Black_rot/image (523)_Crop.JPG,Apple_Black_rot,train
Apple_Black_rot/image (307)_Crop.JPG,Apple_Black_rot,train
Apple_Black_rot/image (101)_ElasticDistortion.JPG,Apple_Black_rot,train
Apple_Black_rot/image (365)_Crop.JPG,Apple_Black_rot,train
Apple_Black_rot/image (247)_GridDistortion.JPG,Apple_Black_rot,train
Apple_Black_rot/image (378)_GridDistortion.JPG,Apple_Black_rot,train
Apple_Black_rot/image (223)_ElasticDistortion.JPG,Apple_Black_rot,train
Apple_Black_rot/image (128)_Flip.JPG,Apple_Black_rot,train
Apple_Black_rot/image (575)_Crop.JPG,Apple_Black_rot,train
Apple_Black_rot/image (266)_GridDistortion.JPG,Apple_Black_rot,train
Apple_Black_rot/image (496)_GridDistortion.JPG,Apple_Black_rot,train
Apple_Black_rot/image (134)_Skew.JPG,Apple_Black_rot,train
Apple_Black_rot/image (107)_Flip.JPG,Apple_Black_rot,train
Apple_Black_rot/image (24)_Skew.JPG,Apple_Black_rot,train
Apple_Black_rot/image (426)_Skew.JPG,Apple_Black_rot,train
Apple_Black_rot/image (287)_GridDistortion.JPG,Apple_Black_rot,train
Apple_Black_rot/image (461)_Skew.JPG,Apple_Black_rot,train
Apple_Black_rot/image (327)_Skew.JPG,Apple_Black_rot,train
Apple_Black_rot/image (292)_Shear.JPG,Apple_Black_rot,train
Apple_Black_rot/image (356)_Flip.JPG,Apple_Black_rot,train
Apple_Black_rot/image (44)_Rotate.JPG,Apple_Black_rot,train
Apple_Black_rot/image (333)_Rotate.JPG,Apple_Black_rot,train
Apple_Black_rot/image (302)_Crop.JPG,Apple_Black_rot,train
Apple_Black_rot/image (234)_GridDistortion.JPG,Apple_Black_rot,train
Apple_Black_rot/image (314)_Crop.JPG,Apple_Black_rot,train
Apple_Black_rot/image (604)_Flip.JPG,Apple_Black_rot,train
Apple_Black_rot/image (109)_Rotate.JPG,Apple_Black_rot,train
Apple_Black_rot/image (215)_ElasticDistortion.JPG,Apple_Black_rot,train
Apple_Black_rot/image (322)_GridDistortion.JPG,Apple_Black_rot,train
Apple_Black_rot/image (582)_Flip.JPG,Apple_Black_rot,train
Apple_Black_rot/image (576)_Flip.JPG,Apple_Black_rot,train
Apple_Black_rot/image (209)_GridDistortion.JPG,Apple_Black_rot,train
Apple_Black_rot/image (26)_Crop.JPG,Apple_Black_rot,train
Apple_Black_rot/image (163)_Rotate.JPG,Apple_Black_rot,train
Apple_Black_rot/image (469)_Crop.JPG,Apple_Black_rot,train
Apple_Black_rot/image (15)_Crop.JPG,Apple_Black_rot,train
Apple_Black_rot/image (348)_Crop.JPG,Apple_Black_rot,train
Apple_Black_rot/image (472)_Skew.JPG,Apple_Black_rot,train
Apple_Black_rot/image (228)_Rotate.JPG,Apple_Black_rot,train
Apple_Black_rot/image (519)_Skew.JPG,Apple_Black_rot,train
Apple_Black_rot/image (94)_Skew.JPG,Apple_Black_rot,train
Apple_Black_rot/image (319)_GridDistortion.JPG,Apple_Black_rot,train
Apple_Black_rot/image (391)_Shear.JPG,Apple_Black_rot,train
Apple_Black_rot/image (193)_ElasticDistortion.JPG,Apple_Black_rot,train
Apple_Black_rot/image (563)_ElasticDistortion.JPG,Apple_Black_rot,train
Apple_Black_rot/image (236)_Rotate.JPG,Apple_Black_rot,train
Apple_Black_rot/image (487)_Flip.JPG,Apple_Black_rot,train
Apple_Black_rot/image (226)_Skew.JPG,Apple_Black_rot,train
Apple_Black_rot/image (560)_Rotate.JPG,Apple_Black_rot,train
Apple_Black_rot/image (509)_Crop.JPG,Apple_Black_rot,train
Apple_Black_rot/image (238)_Flip.JPG,Apple_Black_rot,train
Apple_Black_rot/image (463)_GridDistortion.JPG,Apple_Black_rot,train
Apple_Black_rot/image (261)_Flip.JPG,Apple_Black_rot,train
Apple_Black_rot/image (264)_Shear.JPG,Apple_Black_rot,train
Apple_Black_rot/image (340)_Crop.JPG,Apple_Black_rot,train
Apple_Black_rot/image (584)_GridDistortion.JPG,Apple_Black_rot,train
Apple_Black_rot/image (545)_Crop.JPG,Apple_Black_rot,train
Apple_Black_rot/image (559)_Crop.JPG,Apple_Black_rot,train
Apple_Black_rot/image (431)_ElasticDistortion.JPG,Apple_Black_rot,train
Apple_Black_rot/image (72)_Crop.JPG,Apple_Black_rot,train
Apple_Black_rot/image (403)_Shear.JPG,Apple_Black_rot,train
Apple_Black_rot/image (255)_Shear.JPG,Apple_Black_rot,train
Apple_Black_rot/image (138)_Rotate.JPG,Apple_Black_rot,train
Apple_Black_rot/image (175)_ElasticDistortion.JPG,Apple_Black_rot,train
Apple_Black_rot/image (406)_Flip.JPG,Apple_Black_rot,train
Apple_Black_rot/image (208)_Shear.JPG,Apple_Black_rot,train
Apple_Black_rot/image (32)_Crop.JPG,Apple_Black_rot,train
Apple_Black_rot/image (180)_Flip.JPG,Apple_Black_rot,train
Apple_Black_rot/image (359)_Skew.JPG,Apple_Black_rot,train
Apple_Black_rot/image (237)_GridDistortion.JPG,Apple_Black_rot,train
Apple_Black_rot/image (369)_GridDistortion.JPG,Apple_Black_rot,train
Apple_Black_rot/image (374)_ElasticDistortion.JPG,Apple_Black_rot,train
Apple_Black_rot/image (338)_Shear.JPG,Apple_Black_rot,train
Apple_Black_rot/image (507)_ElasticDistortion.JPG,Apple_Black_rot,train
Apple_Black_rot/image (390)_ElasticDistortion.JPG,Apple_Black_rot,train
Apple_Black_rot/image (69)_Skew.JPG,Apple_Black_rot,train
Apple_Black_rot/image (596)_Flip.JPG,Apple_Black_rot,train
Apple_Black_rot/image (185)_Rotate.JPG,Apple_Black_rot,train
Apple_Black_rot/image (599)_Shear.JPG,Apple_Black_rot,train
Apple_Black_rot/image (445)_ElasticDistortion.JPG,Apple_Black_rot,train
Apple_Black_rot/image (531)_Flip.JPG,Apple_Black_rot,train
Apple_Black_rot/image (83)_Flip.JPG,Apple_Black_rot,train
Apple_Black_rot/image (149)_Rotate.JPG,Apple_Black_rot,train
Apple_Black_rot/image (334)_Skew.JPG,Apple_Black_rot,train
Apple_Black_rot/image (419)_Rotate.JPG,Apple_Black_rot,train
Apple_Black_rot/image (97)_Skew.JPG,Apple_Black_rot,train
Apple_Black_rot/image (561)_Skew.JPG,Apple_Black_rot,train
Apple_Black_rot/image (279)_Skew.JPG,Apple_Black_rot,train
Apple_Black_rot/image (189)_Skew.JPG,Apple_Black_rot,train
Apple_Black_rot/image (605)_Flip.JPG,Apple_Black_rot,train
Apple_Black_rot/image (114)_Flip.JPG,Apple_Black_rot,train
Apple_Black_rot/image (164)_Shear.JPG,Apple_Black_rot,train
Apple_Black_rot/image (375)_ElasticDistortion.JPG,Apple_Black_rot,train
Apple_Black_rot/image (96)_Crop.JPG,Apple_Black_rot,train
Apple_Black_rot/image (458)_Rotate.JPG,Apple_Black_rot,train
Apple_Black_rot/image (172)_Rotate.JPG,Apple_Black_rot,train
Apple_Black_rot/image (456)_Crop.JPG,Apple_Black_rot,train
Apple_Black_rot/image (525)_Crop.JPG,Apple_Black_rot,train
Apple_Black_rot/image (214)_GridDistortion.JPG,Apple_Black_rot,train
Apple_Black_rot/image (70)_Skew.JPG,Apple_Black_rot,train
Apple_Black_rot/image (48)_ElasticDistortion.JPG,Apple_Black_rot,train
Apple_Black_rot/image (385)_Crop.JPG,Apple_Black_rot,train
Apple_Black_rot/image (308)_GridDistortion.JPG,Apple_Black_rot,train
Apple_Black_rot/image (481)_Skew.JPG,Apple_Black_rot,train
Apple_Black_rot/image (207)_Flip.JPG,Apple_Black_rot,train
Apple_Black_rot/image (609)_Shear.JPG,Apple_Black_rot,train
Apple_Black_rot/image (337)_GridDistortion.JPG,Apple_Black_rot,train
Apple_Black_rot/image (361)_Flip.JPG,Apple_Black_rot,train
Apple_Black_rot/image (409)_Crop.JPG,Apple_Black_rot,train
Apple_Black_rot/image (1)_Flip.JPG,Apple_Black_rot,train
Apple_Black_rot/image (395)_Shear.JPG,Apple_Black_rot,train
Apple_Black_rot/image (508)_Flip.JPG,Apple_Black_rot,train
Apple_Black_rot/image (161)_Shear.JPG,Apple_Black_rot,train
Apple_Black_rot/image (88)_ElasticDistortion.JPG,Apple_Black_rot,train
Apple_Black_rot/image (7)_Crop.JPG,Apple_Black_rot,train
Apple_Black_rot/image (281)_ElasticDistortion.JPG,Apple_Black_rot,train
Apple_Black_rot/image (147)_Shear.JPG,Apple_Black_rot,train
Apple_Black_rot/image (589)_GridDistortion.JPG,Apple_Black_rot,train
Apple_Black_rot/image (121)_GridDistortion.JPG,Apple_Black_rot,train
Apple_Black_rot/image (414)_Shear.JPG,Apple_Black_rot,train
Apple_rust/image (65)_ElasticDistortion.JPG,Apple_rust,train
Apple_rust/image (100)_Shear.JPG,Apple_rust,train
Apple_rust/image (104)_GridDistortion.JPG,Apple_rust,train
Apple_rust/image (240)_Skew.JPG,Apple_rust,train
Apple_rust/image (233)_Crop.JPG,Apple_rust,train
Apple_rust/image (24)_Flip.JPG,Apple_rust,train
Apple_rust/image (102)_ElasticDistortion.JPG,Apple_rust,train
Apple_rust/image (174)_GridDistortion.JPG,Apple_rust,train
Apple_rust/image (151)_Crop.JPG,Apple_rust,train
Apple_rust/image (184)_GridDistortion.JPG,Apple_rust,train
Apple_rust/image (164)_Flip.JPG,Apple_rust,train
Apple_rust/image (17)_Skew.JPG,Apple_rust,train
Apple_rust/image (187)_Flip.JPG,Apple_rust,train
Apple_rust/image (255)_GridDistortion.JPG,Apple_rust,train
Apple_rust/image (142)_Rotate.JPG,Apple_rust,train
Apple_rust/image (203)_Skew.JPG,Apple_rust,train
Apple_rust/image (43)_Shear.JPG,Apple_rust,train
Apple_rust/image (244)_Crop.JPG,Apple_rust,train
Apple_rust/image (130)_Rotate.JPG,Apple_rust,train
Apple_rust/image (136)_GridDistortion.JPG,Apple_rust,train
Apple_rust/image (29)_Shear.JPG,Apple_rust,train
Apple_rust/image (222)_Flip.JPG,Apple_rust,train
Apple_rust/image (86)_Rotate.JPG,Apple_rust,train
Apple_rust/image (66)_GridDistortion.JPG,Apple_rust,train
Apple_rust/image (225)_Shear.JPG,Apple_rust,train
Apple_rust/image (15)_Skew.JPG,Apple_rust,train
Apple_rust/image (176)_Flip.JPG,Apple_rust,train
Apple_rust/image (226)_Shear.JPG,Apple_rust,train
Apple_rust/image (108)_Flip.JPG,Apple_rust,train
Apple_rust/image (84)_Shear.JPG,Apple_rust,train
Apple_rust/image (217)_Crop.JPG,Apple_rust,train
Apple_rust/image (93)_Skew.JPG,Apple_rust,train
Apple_rust/image (55)_Rotate.JPG,Apple_rust,train
Apple_rust/image (45)_Shear.JPG,Apple_rust,train
Apple_rust/image (133)_Flip.JPG,Apple_rust,train
Apple_rust/image (54)_Skew.JPG,Apple_rust,train
Apple_rust/image (56)_Rotate.JPG,Apple_rust,train
Apple_rust/image (213)_Flip.JPG,Apple_rust,train
Apple_rust/image (81)_Skew.JPG,Apple_rust,train
Apple_rust/image (13)_Flip.JPG,Apple_rust,train
Apple_rust/image (256)_GridDistortion.JPG,Apple_rust,train
Apple_rust/image (166)_ElasticDistortion.JPG,Apple_rust,train
Apple_rust/image (259)_ElasticDistortion.JPG,Apple_rust,train
Apple_rust/image (173)_Skew.JPG,Apple_rust,train
Apple_rust/image (273)_GridDistortion.JPG,Apple_rust,train
Apple_rust/image (178)_Rotate.JPG,Apple_rust,train
Apple_rust/image (14)_Rotate.JPG,Apple_rust,train
Apple_rust/image (140)_Flip.JPG,Apple_rust,train
Apple_rust/image (6)_Skew.JPG,Apple_rust,train
Apple_rust/image (214)_GridDistortion.JPG,Apple_rust,train
Apple_rust/image (266)_Shear.JPG,Apple_rust,train
Apple_rust/image (105)_ElasticDistortion.JPG,Apple_rust,train
Apple_rust/image (261)_GridDistortion.JPG,Apple_rust,train
Apple_rust/image (21)_Rotate.JPG,Apple_rust,train
Apple_rust/image (260)_GridDistortion.JPG,Apple_rust,train
Apple_rust/image (28)_ElasticDistortion.JPG,Apple_rust,train
Apple_rust/image (58)_Shear.JPG,Apple_rust,train
Apple_rust/image (204)_Shear.JPG,Apple_rust,train
Apple_rust/image (127)_Crop.JPG,Apple_rust,train
Apple_rust/image (242)_Flip.JPG,Apple_rust,train
Apple_rust/image (183)_Flip.JPG,Apple_rust,train
Apple_rust/image (95)_Flip.JPG,Apple_rust,train
Apple_rust/image (257)_Skew.JPG,Apple_rust,train
Apple_rust/image (103)_Rotate.JPG,Apple_rust,train
Apple_rust/image (223)_GridDistortion.JPG,Apple_rust,train
Apple_rust/image (53)_Rotate.JPG,Apple_rust,train
Apple_rust/image (168)_Crop.JPG,Apple_rust,train
Apple_rust/image (112)_ElasticDistortion.JPG,Apple_rust,train
Apple_rust/image (227)_Crop.JPG,Apple_rust,train
Apple_rust/image (19)_Crop.JPG,Apple_rust,train
Apple_rust/image (212)_Shear.JPG,Apple_rust,train
Apple_rust/image (250)_Flip.JPG,Apple_rust,train
Apple_rust/image (50)_GridDistortion.JPG,Apple_rust,train
Apple_rust/image (71)_Skew.JPG,Apple_rust,train
Apple_rust/image (197)_Rotate.JPG,Apple_rust,train
Apple_rust/image (121)_Skew.JPG,Apple_rust,train
Apple_rust/image (52)_Flip.JPG,Apple_rust,train
Apple_rust/image (49)_Flip.JPG,Apple_rust,train
Apple_rust/image (90)_Rotate.JPG,Apple_rust,train
Apple_rust/image (267)_Shear.JPG,Apple_rust,train
Apple_rust/image (99)_ElasticDistortion.JPG,Apple_rust,train
Apple_rust/image (236)_GridDistortion.JPG,Apple_rust,train
Apple_rust/image (9)_Crop.JPG,Apple_rust,train
Apple_rust/image (258)_Shear.JPG,Apple_rust,train
Apple_rust/image (274)_Flip.JPG,Apple_rust,train
Apple_rust/image (20)_Flip.JPG,Apple_rust,train
Apple_rust/image (139)_GridDistortion.JPG,Apple_rust,train
Apple_rust/image (221)_Shear.JPG,Apple_rust,train
Apple_rust/image (241)_Crop.JPG,Apple_rust,train
Apple_rust/image (79)_Crop.JPG,Apple_rust,train
Apple_rust/image (186)_Flip.JPG,Apple_rust,train
Apple_rust/image (114)_ElasticDistortion.JPG,Apple_rust,train
Apple_rust/image (26)_Crop.JPG,Apple_rust,train
Apple_rust/image (109)_Crop.JPG,Apple_rust,train
Apple_rust/image (152)_Rotate.JPG,Apple_rust,train
Apple_rust/image (91)_ElasticDistortion.JPG,Apple_rust,train
Apple_rust/image (38)_Rotate.JPG,Apple_rust,train
Apple_rust/image (107)_Skew.JPG,Apple_rust,train
Apple_rust/image (191)_Shear.JPG,Apple_rust,train
Apple_rust/image (75)_Flip.JPG,Apple_rust,train
Apple_rust/image (64)_Crop.JPG,Apple_rust,train
Apple_rust/image (216)_Skew.JPG,Apple_rust,train
Apple_rust/image (165)_Rotate.JPG,Apple_rust,train
Apple_rust/image (62)_Crop.JPG,Apple_rust,train
Apple_rust/image (143)_Shear.JPG,Apple_rust,train
Apple_rust/image (16)_Rotate.JPG,Apple_rust,train
Apple_rust/image (159)_ElasticDistortion.JPG,Apple_rust,train
Apple_rust/image (8)_ElasticDistortion.JPG,Apple_rust,train
Apple_rust/image (194)_Flip.JPG,Apple_rust,train
Apple_rust/image (181)_Crop.JPG,Apple_rust,train
Apple_rust/image (182)_Skew.JPG,Apple_rust,train
Apple_rust/image (30)_Flip.JPG,Apple_rust,train
Apple_rust/image (74)_Crop.JPG,Apple_rust,train
Apple_rust/image (270)_Crop.JPG,Apple_rust,train
Apple_rust/image (138)_Crop.JPG,Apple_rust,train
Apple_rust/image (96)_GridDistortion.JPG,Apple_rust,train
Apple_rust/image (89)_Crop.JPG,Apple_rust,train
Apple_rust/image (25)_Crop.JPG,Apple_rust,train
Apple_rust/image (179)_Flip.JPG,Apple_rust,train
Apple_rust/image (80)_Shear.JPG,Apple_rust,train
Apple_rust/image (208)_GridDistortion.JPG,Apple_rust,train
Apple_rust/image (70)_Shear.JPG,Apple_rust,train
Apple_rust/image (224)_Flip.JPG,Apple_rust,train
Apple_rust/image (252)_ElasticDistortion.JPG,Apple_rust,train
Apple_rust/image (97)_Shear.JPG,Apple_rust,train
Apple_rust/image (115)_Skew.JPG,Apple_rust,train
Apple_rust/image (172)_Skew.JPG,Apple_rust,train
Apple_rust/image (120)_ElasticDistortion.JPG,Apple_rust,train
Apple_rust/image (92)_Flip.JPG,Apple_rust,train
Apple_rust/image (246)_Skew.JPG,Apple_rust,train
Apple_rust/image (239)_GridDistortion.JPG,Apple_rust,train
Apple_rust/image (36)_Flip.JPG,Apple_rust,train
Apple_rust/image (160)_Skew.JPG,Apple_rust,train
Apple_rust/image (39)_Rotate.JPG,Apple_rust,train
Apple_rust/image (110)_ElasticDistortion.JPG,Apple_rust,train
Apple_rust/image (264)_ElasticDistortion.JPG,Apple_rust,train
Apple_rust/image (215)_ElasticDistortion.JPG,Apple_rust,train
Apple_rust/image (40)_Flip.JPG,Apple_rust,train
Apple_rust/image (129)_GridDistortion.JPG,Apple_rust,train
Apple_rust/image (46)_Crop.JPG,Apple_rust,train
Apple_rust/image (188)_ElasticDistortion.JPG,Apple_rust,train
Apple_rust/image (211)_GridDistortion.JPG,Apple_rust,train
Apple_rust/image (83)_Skew.JPG,Apple_rust,train
Apple_rust/image (11)_Rotate.JPG,Apple_rust,train
Apple_rust/image (232)_Flip.JPG,Apple_rust,train
Apple_rust/image (42)_Skew.JPG,Apple_rust,train
Apple_rust/image (78)_Crop.JPG,Apple_rust,train
Apple_rust/image (123)_Skew.JPG,Apple_rust,train
Apple_rust/image (247)_GridDistortion.JPG,Apple_rust,train
Apple_rust/image (207)_ElasticDistortion.JPG,Apple_rust,train
Apple_rust/image (119)_Rotate.JPG,Apple_rust,train
Apple_rust/image (272)_GridDistortion.JPG,Apple_rust,train
Apple_rust/image (185)_GridDistortion.JPG,Apple_rust,train
Apple_rust/image (192)_ElasticDistortion.JPG,Apple_rust,train
Apple_rust/image (23)_Shear.JPG,Apple_rust,train
Apple_rust/image (238)_ElasticDistortion.JPG,Apple_rust,train
Apple_rust/image (122)_Shear.JPG,Apple_rust,train
Apple_rust/image (229)_ElasticDistortion.JPG,Apple_rust,train
Apple_rust/image (146)_Rotate.JPG,Apple_rust,train
Apple_rust/image (196)_GridDistortion.JPG,Apple_rust,train
Apple_rust/image (44)_Rotate.JPG,Apple_rust,train
Apple_rust/image (199)_Flip.JPG,Apple_rust,train
Apple_rust/image (33)_ElasticDistortion.JPG,Apple_rust,train
Apple_rust/image (76)_GridDistortion.JPG,Apple_rust,train
Apple_rust/image (47)_Shear.JPG,Apple_rust,train
Apple_rust/image (231)_Flip.JPG,Apple_rust,train
Apple_rust/image (27)_Skew.JPG,Apple_rust,train
Apple_rust/image (263)_Rotate.JPG,Apple_rust,train
Apple_rust/image (235)_Flip.JPG,Apple_rust,train
Apple_rust/image (243)_GridDistortion.JPG,Apple_rust,train
Apple_rust/image (34)_Rotate.JPG,Apple_rust,train
Apple_rust/image (155)_Flip.JPG,Apple_rust,train
Apple_rust/image (7)_Skew.JPG,Apple_rust,train
Apple_rust/image (41)_Skew.JPG,Apple_rust,train
Apple_rust/image (149)_Crop.JPG,Apple_rust,train
Apple_rust/image (275)_Shear.JPG,Apple_rust,train
Apple_rust/image (154)_GridDistortion.JPG,Apple_rust,train
Apple_rust/image (163)_Crop.JPG,Apple_rust,train
Apple_rust/image (180)_Shear.JPG,Apple_rust,train
Apple_rust/image (57)_Skew.JPG,Apple_rust,train
Apple_rust/image (131)_Flip.JPG,Apple_rust,train
Apple_rust/image (175)_GridDistortion.JPG,Apple_rust,train
Apple_rust/image (144)_ElasticDistortion.JPG,Apple_rust,train
Apple_rust/image (4)_Rotate.JPG,Apple_rust,train
Apple_rust/image (61)_Skew.JPG,Apple_rust,train
Apple_rust/image (205)_Skew.JPG,Apple_rust,train
Apple_rust/image (161)_GridDistortion.JPG,Apple_rust,train
Apple_rust/image (69)_GridDistortion.JPG,Apple_rust,train
Apple_rust/image (254)_Flip.JPG,Apple_rust,train
Apple_rust/image (98)_GridDistortion.JPG,Apple_rust,train
Apple_rust/image (37)_ElasticDistortion.JPG,Apple_rust,train
Apple_rust/image (249)_Skew.JPG,Apple_rust,train
Apple_rust/image (124)_Skew.JPG,Apple_rust,train
Apple_rust/image (94)_Flip.JPG,Apple_rust,train
Apple_rust/image (201)_GridDistortion.JPG,Apple_rust,train
Apple_rust/image (171)_Skew.JPG,Apple_rust,train
Apple_rust/image (202)_Shear.JPG,Apple_rust,train
Apple_rust/image (67)_Shear.JPG,Apple_rust,train
Apple_rust/image (195)_ElasticDistortion.JPG,Apple_rust,train
Apple_rust/image (218)_Shear.JPG,Apple_rust,train
Apple_rust/image (126)_Shear.JPG,Apple_rust,train
Apple_rust/image (253)_Skew.JPG,Apple_rust,train
Apple_rust/image (22)_Rotate.JPG,Apple_rust,train
Apple_rust/image (271)_Shear.JPG,Apple_rust,train
Apple_rust/image (88)_ElasticDistortion.JPG,Apple_rust,train
Apple_rust/image (177)_Shear.JPG,Apple_rust,train
Apple_rust/image (132)_Skew.JPG,Apple_rust,train
Apple_rust/image (228)_GridDistortion.JPG,Apple_rust,train
Apple_rust/image (128)_Crop.JPG,Apple_rust,train
Apple_rust/image (209)_Skew.JPG,Apple_rust,train
Apple_rust/image (51)_GridDistortion.JPG,Apple_rust,train
Apple_rust/image (234)_Flip.JPG,Apple_rust,train
Apple_rust/image (32)_ElasticDistortion.JPG,Apple_rust,train
Apple_rust/image (85)_Shear.JPG,Apple_rust,train
Apple_rust/image (153)_Flip.JPG,Apple_rust,train
Apple_rust/image (2)_Shear.JPG,Apple_rust,train
Apple_rust/image (106)_Crop.JPG,Apple_rust,train
Apple_rust/image (220)_GridDistortion.JPG,Apple_rust,train
Apple_rust/image (135)_Rotate.JPG,Apple_rust,train
Apple_rust/image (189)_Crop.JPG,Apple_rust,train
Apple_rust/image (224)_Shear.JPG,Apple_rust,train
Apple_rust/image (100)_ElasticDistortion.JPG,Apple_rust,train
Apple_rust/image (238)_Crop.JPG,Apple_rust,train
Apple_rust/image (105)_Flip.JPG,Apple_rust,train
Apple_rust/image (173)_Shear.JPG,Apple_rust,train
Apple_rust/image (37)_Rotate.JPG,Apple_rust,train
Apple_rust/image (13)_Crop.JPG,Apple_rust,train
Apple_rust/image (233)_Flip.JPG,Apple_rust,train
Apple_rust/image (258)_Skew.JPG,Apple_rust,train
Apple_rust/image (14)_Crop.JPG,Apple_rust,train
Apple_rust/image (53)_Skew.JPG,Apple_rust,train
Apple_rust/image (234)_Skew.JPG,Apple_rust,train
Apple_rust/image (9)_Flip.JPG,Apple_rust,train
Apple_rust/image (95)_Rotate.JPG,Apple_rust,train
Apple_rust/image (6)_Shear.JPG,Apple_rust,train
Apple_rust/image (171)_Crop.JPG,Apple_rust,train
Apple_rust/image (153)_ElasticDistortion.JPG,Apple_rust,train
Apple_rust/image (214)_Shear.JPG,Apple_rust,train
Apple_rust/image (160)_Rotate.JPG,Apple_rust,train
Apple_rust/image (74)_Rotate.JPG,Apple_rust,train
Apple_rust/image (235)_Shear.JPG,Apple_rust,train
Apple_rust/image (114)_Crop.JPG,Apple_rust,train
Apple_rust/image (155)_GridDistortion.JPG,Apple_rust,train
Apple_rust/image (192)_Skew.JPG,Apple_rust,train
Apple_rust/image (249)_Rotate.JPG,Apple_rust,train
Apple_rust/image (132)_Rotate.JPG,Apple_rust,train
Apple_rust/image (29)_Crop.JPG,Apple_rust,train
Apple_rust/image (255)_Crop.JPG,Apple_rust,train
Apple_rust/image (84)_Crop.JPG,Apple_rust,train
Apple_rust/image (32)_Shear.JPG,Apple_rust,train
Apple_rust/image (184)_Skew.JPG,Apple_rust,train
Apple_rust/image (26)_Shear.JPG,Apple_rust,train
Apple_rust/image (183)_Rotate.JPG,Apple_rust,train
Apple_rust/image (97)_Flip.JPG,Apple_rust,train
Apple_rust/image (115)_Crop.JPG,Apple_rust,train
Apple_rust/image (33)_Crop.JPG,Apple_rust,train
Apple_rust/image (260)_Shear.JPG,Apple_rust,train
Apple_rust/image (8)_Rotate.JPG,Apple_rust,train
Apple_rust/image (166)_Rotate.JPG,Apple_rust,train
Apple_rust/image (102)_Crop.JPG,Apple_rust,train
Apple_rust/image (103)_Shear.JPG,Apple_rust,train
Apple_rust/image (217)_Flip.JPG,Apple_rust,train
Apple_rust/image (187)_Rotate.JPG,Apple_rust,train
Apple_rust/image (213)_Shear.JPG,Apple_rust,train
Apple_rust/image (195)_Shear.JPG,Apple_rust,train
Apple_rust/image (88)_Crop.JPG,Apple_rust,train
Apple_rust/image (221)_GridDistortion.JPG,Apple_rust,train
Apple_rust/image (69)_ElasticDistortion.JPG,Apple_rust,train
Apple_rust/image (161)_Shear.JPG,Apple_rust,train
Apple_rust/image (144)_Skew.JPG,Apple_rust,train
Apple_rust/image (243)_Crop.JPG,Apple_rust,train
Apple_rust/image (20)_Rotate.JPG,Apple_rust,train
Apple_rust/image (225)_Flip.JPG,Apple_rust,train
Apple_rust/image (106)_Shear.JPG,Apple_rust,train
Apple_rust/image (259)_Rotate.JPG,Apple_rust,train
Apple_rust/image (222)_Shear.JPG,Apple_rust,train
Apple_rust/image (66)_ElasticDistortion.JPG,Apple_rust,train
Apple_rust/image (177)_Skew.JPG,Apple_rust,train
Apple_rust/image (223)_Shear.JPG,Apple_rust,train
Apple_rust/image (239)_Skew.JPG,Apple_rust,train
Apple_rust/image (7)_Flip.JPG,Apple_rust,train
Apple_rust/image (236)_Shear.JPG,Apple_rust,train
Apple_rust/image (36)_Rotate.JPG,Apple_rust,train
Apple_rust/image (240)_ElasticDistortion.JPG,Apple_rust,train
Apple_rust/image (55)_ElasticDistortion.JPG,Apple_rust,train
Apple_rust/image (81)_Rotate.JPG,Apple_rust,train
Apple_rust/image (61)_Shear.JPG,Apple_rust,train
Apple_rust/image (78)_ElasticDistortion.JPG,Apple_rust,train
Apple_rust/image (202)_Skew.JPG,Apple_rust,train
Apple_rust/image (271)_Flip.JPG,Apple_rust,train
Apple_rust/image (151)_Shear.JPG,Apple_rust,train
Apple_rust/image (96)_Crop.JPG,Apple_rust,train
Apple_rust/image (127)_Shear.JPG,Apple_rust,train
Apple_rust/image (146)_ElasticDistortion.JPG,Apple_rust,train
Apple_rust/image (52)_Shear.JPG,Apple_rust,train
Apple_rust/image (252)_Crop.JPG,Apple_rust,train
Apple_rust/image (241)_GridDistortion.JPG,Apple_rust,train
Apple_rust/image (80)_ElasticDistortion.JPG,Apple_rust,train
Apple_rust/image (179)_Rotate.JPG,Apple_rust,train
Apple_rust/image (17)_Rotate.JPG,Apple_rust,train
Apple_rust/image (201)_Flip.JPG,Apple_rust,train
Apple_rust/image (129)_Shear.JPG,Apple_rust,train
Apple_rust/image (93)_Shear.JPG,Apple_rust,train
Apple_rust/image (253)_Shear.JPG,Apple_rust,train
Apple_rust/image (227)_ElasticDistortion.JPG,Apple_rust,train
Apple_rust/image (42)_Shear.JPG,Apple_rust,train
Apple_rust/image (246)_Rotate.JPG,Apple_rust,train
Apple_rust/image (267)_Rotate.JPG,Apple_rust,train
Apple_rust/image (203)_ElasticDistortion.JPG,Apple_rust,train
Apple_rust/image (57)_ElasticDistortion.JPG,Apple_rust,train
Apple_rust/image (172)_Crop.JPG,Apple_rust,train
Apple_rust/image (41)_ElasticDistortion.JPG,Apple_rust,train
Apple_rust/image (98)_Flip.JPG,Apple_rust,train
Apple_rust/image (247)_Flip.JPG,Apple_rust,train
Apple_rust/image (89)_Flip.JPG,Apple_rust,train
Apple_rust/image (11)_Skew.JPG,Apple_rust,train
Apple_rust/image (39)_GridDistortion.JPG,Apple_rust,train
Apple_rust/image (272)_Skew.JPG,Apple_rust,train
Apple_rust/image (49)_Crop.JPG,Apple_rust,train
Apple_rust/image (165)_ElasticDistortion.JPG,Apple_rust,train
Apple_rust/image (27)_Crop.JPG,Apple_rust,train
Apple_rust/image (176)_Skew.JPG,Apple_rust,train
Apple_rust/image (274)_ElasticDistortion.JPG,Apple_rust,train
Apple_rust/image (208)_Crop.JPG,Apple_rust,train
Apple_rust/image (163)_Rotate.JPG,Apple_rust,train
Apple_rust/image (44)_Shear.JPG,Apple_rust,train
Apple_rust/image (46)_ElasticDistortion.JPG,Apple_rust,train
Apple_rust/image (112)_Skew.JPG,Apple_rust,train
Apple_rust/image (92)_Skew.JPG,Apple_rust,train
Apple_rust/image (273)_Shear.JPG,Apple_rust,train
Apple_rust/image (257)_ElasticDistortion.JPG,Apple_rust,train
Apple_rust/image (22)_GridDistortion.JPG,Apple_rust,train
Apple_rust/image (174)_Skew.JPG,Apple_rust,train
Apple_rust/image (70)_ElasticDistortion.JPG,Apple_rust,train
Apple_rust/image (263)_Shear.JPG,Apple_rust,train
Apple_rust/image (76)_Crop.JPG,Apple_rust,train
Apple_rust/image (159)_Crop.JPG,Apple_rust,train
Apple_rust/image (104)_Crop.JPG,Apple_rust,train
Apple_rust/image (79)_Shear.JPG,Apple_rust,train
Apple_rust/image (24)_GridDistortion.JPG,Apple_rust,train
Apple_rust/image (270)_ElasticDistortion.JPG,Apple_rust,train
Apple_rust/image (54)_Shear.JPG,Apple_rust,train
Apple_rust/image (34)_Crop.JPG,Apple_rust,train
Apple_rust/image (130)_Flip.JPG,Apple_rust,train
Apple_rust/image (120)_Skew.JPG,Apple_rust,train
Apple_rust/image (133)_Shear.JPG,Apple_rust,train
Apple_rust/image (180)_GridDistortion.JPG,Apple_rust,train
Apple_rust/image (50)_Flip.JPG,Apple_rust,train
Apple_rust/image (256)_Shear.JPG,Apple_rust,train
Apple_rust/image (64)_ElasticDistortion.JPG,Apple_rust,train
Apple_rust/image (191)_Skew.JPG,Apple_rust,train
Apple_rust/image (189)_GridDistortion.JPG,Apple_rust,train
Apple_rust/image (121)_GridDistortion.JPG,Apple_rust,train
Apple_rust/image (204)_GridDistortion.JPG,Apple_rust,train
Apple_rust/image (197)_Flip.JPG,Apple_rust,train
Apple_rust/image (128)_ElasticDistortion.JPG,Apple_rust,train
Apple_rust/image (40)_Crop.JPG,Apple_rust,train
Apple_rust/image (154)_Skew.JPG,Apple_rust,train
Apple_rust/image (94)_GridDistortion.JPG,Apple_rust,train
Apple_rust/image (123)_ElasticDistortion.JPG,Apple_rust,train
Apple_rust/image (140)_ElasticDistortion.JPG,Apple_rust,train
Apple_rust/image (138)_Rotate.JPG,Apple_rust,train
Apple_rust/image (164)_GridDistortion.JPG,Apple_rust,train
Apple_rust/image (242)_Rotate.JPG,Apple_rust,train
Apple_rust/image (188)_Crop.JPG,Apple_rust,train
Apple_rust/image (168)_Shear.JPG,Apple_rust,train
Apple_rust/image (83)_Rotate.JPG,Apple_rust,train
Apple_rust/image (181)_ElasticDistortion.JPG,Apple_rust,train
Apple_rust/image (182)_GridDistortion.JPG,Apple_rust,train
Apple_rust/image (136)_ElasticDistortion.JPG,Apple_rust,train
Apple_rust/image (261)_Crop.JPG,Apple_rust,train
Apple_rust/image (216)_Crop.JPG,Apple_rust,train
Apple_rust/image (250)_Skew.JPG,Apple_rust,train
Apple_rust/image (244)_GridDistortion.JPG,Apple_rust,train
Apple_rust/image (16)_Skew.JPG,Apple_rust,train
Apple_rust/image (107)_Flip.JPG,Apple_rust,train
Apple_rust/image (135)_ElasticDistortion.JPG,Apple_rust,train
Apple_rust/image (178)_GridDistortion.JPG,Apple_rust,train
Apple_rust/image (186)_Rotate.JPG,Apple_rust,train
Apple_rust/image (196)_Rotate.JPG,Apple_rust,train
Apple_rust/image (218)_Flip.JPG,Apple_rust,train
Apple_rust/image (86)_Crop.JPG,Apple_rust,train
Apple_rust/image (254)_Shear.JPG,Apple_rust,train
Apple_rust/image (142)_Crop.JPG,Apple_rust,train
Apple_rust/image (266)_Rotate.JPG,Apple_rust,train
Apple_rust/image (71)_Crop.JPG,Apple_rust,train
Apple_rust/image (85)_GridDistortion.JPG,Apple_rust,train
Apple_rust/image (212)_Rotate.JPG,Apple_rust,train
Apple_rust/image (211)_Shear.JPG,Apple_rust,train
Apple_rust/image (232)_ElasticDistortion.JPG,Apple_rust,train
Apple_rust/image (149)_ElasticDistortion.JPG,Apple_rust,train
Apple_rust/image (90)_Crop.JPG,Apple_rust,train
Apple_rust/image (56)_GridDistortion.JPG,Apple_rust,train
Apple_rust/image (264)_GridDistortion.JPG,Apple_rust,train
Apple_rust/image (215)_Flip.JPG,Apple_rust,train
Apple_rust/image (209)_GridDistortion.JPG,Apple_rust,train
Apple_rust/image (67)_Rotate.JPG,Apple_rust,train
Apple_rust/image (4)_ElasticDistortion.JPG,Apple_rust,train
Apple_rust/image (175)_Rotate.JPG,Apple_rust,train
Apple_rust/image (122)_ElasticDistortion.JPG,Apple_rust,train
Apple_rust/image (139)_Skew.JPG,Apple_rust,train
Apple_rust/image (109)_GridDistortion.JPG,Apple_rust,train
Apple_rust/image (229)_Shear.JPG,Apple_rust,train
Apple_rust/image (65)_Crop.JPG,Apple_rust,train
Apple_rust/image (28)_Shear.JPG,Apple_rust,train
Apple_rust/image (143)_Skew.JPG,Apple_rust,train
Apple_rust/image (108)_Skew.JPG,Apple_rust,train
Apple_rust/image (15)_Crop.JPG,Apple_rust,train
Apple_rust/image (47)_ElasticDistortion.JPG,Apple_rust,train
Apple_rust/image (25)_Skew.JPG,Apple_rust,train
Apple_rust/image (21)_ElasticDistortion.JPG,Apple_rust,train
Apple_rust/image (220)_Skew.JPG,Apple_rust,train
Apple_rust/image (75)_GridDistortion.JPG,Apple_rust,train
Apple_rust/image (45)_GridDistortion.JPG,Apple_rust,train
Apple_rust/image (124)_GridDistortion.JPG,Apple_rust,train
Apple_rust/image (119)_GridDistortion.JPG,Apple_rust,train
Apple_rust/image (38)_GridDistortion.JPG,Apple_rust,train
Apple_rust/image (185)_Skew.JPG,Apple_rust,train
Apple_rust/image (228)_Crop.JPG,Apple_rust,train
Apple_rust/image (30)_Crop.JPG,Apple_rust,train
Apple_rust/image (207)_Rotate.JPG,Apple_rust,train
Apple_rust/image (62)_Rotate.JPG,Apple_rust,train
Apple_rust/image (110)_Skew.JPG,Apple_rust,train
Apple_rust/image (91)_Crop.JPG,Apple_rust,train
Apple_rust/image (205)_Shear.JPG,Apple_rust,train
Apple_rust/image (23)_Rotate.JPG,Apple_rust,train
Apple_rust/image (51)_Skew.JPG,Apple_rust,train
Apple_rust/image (152)_Shear.JPG,Apple_rust,train
Apple_rust/image (226)_GridDistortion.JPG,Apple_rust,train
Apple_rust/image (58)_Rotate.JPG,Apple_rust,train
Apple_rust/image (275)_GridDistortion.JPG,Apple_rust,train
Apple_rust/image (231)_GridDistortion.JPG,Apple_rust,train
Apple_rust/image (194)_Crop.JPG,Apple_rust,train
Apple_rust/image (99)_Skew.JPG,Apple_rust,train
Apple_rust/image (43)_Crop.JPG,Apple_rust,train
Apple_rust/image (2)_Skew.JPG,Apple_rust,train
Apple_rust/image (126)_ElasticDistortion.JPG,Apple_rust,train
Apple_rust/image (131)_GridDistortion.JPG,Apple_rust,train
Apple_rust/image (199)_Shear.JPG,Apple_rust,train
Apple_rust/image (19)_Skew.JPG,Apple_rust,train
Apple_rust/image (97)_Crop.JPG,Apple_rust,train
Apple_rust/image (43)_Flip.JPG,Apple_rust,train
Apple_rust/image (216)_GridDistortion.JPG,Apple_rust,train
Apple_rust/image (215)_Rotate.JPG,Apple_rust,train
Apple_rust/image (109)_Flip.JPG,Apple_rust,train
Apple_rust/image (182)_Crop.JPG,Apple_rust,train
Apple_rust/image (178)_Flip.JPG,Apple_rust,train
Apple_rust/image (131)_Shear.JPG,Apple_rust,train
Apple_rust/image (70)_Crop.JPG,Apple_rust,train
Apple_rust/image (135)_Skew.JPG,Apple_rust,train
Apple_rust/image (95)_Shear.JPG,Apple_rust,train
Apple_rust/image (274)_Crop.JPG,Apple_rust,train
Apple_rust/image (225)_Crop.JPG,Apple_rust,train
Apple_rust/image (181)_Shear.JPG,Apple_rust,train
Apple_rust/image (83)_ElasticDistortion.JPG,Apple_rust,train
Apple_rust/image (252)_Shear.JPG,Apple_rust,train
Apple_rust/image (19)_ElasticDistortion.JPG,Apple_rust,train
Apple_rust/image (42)_Flip.JPG,Apple_rust,train
Apple_rust/image (21)_GridDistortion.JPG,Apple_rust,train
Apple_rust/image (44)_Skew.JPG,Apple_rust,train
Apple_rust/image (275)_Skew.JPG,Apple_rust,train
Apple_rust/image (249)_Flip.JPG,Apple_rust,train
Apple_rust/image (203)_Rotate.JPG,Apple_rust,train
Apple_rust/image (119)_ElasticDistortion.JPG,Apple_rust,train
Apple_rust/image (121)_Crop.JPG,Apple_rust,train
Apple_rust/image (264)_Crop.JPG,Apple_rust,train
Apple_rust/image (17)_Shear.JPG,Apple_rust,train
Apple_rust/image (123)_Rotate.JPG,Apple_rust,train
Apple_rust/image (232)_Rotate.JPG,Apple_rust,train
Apple_rust/image (107)_Rotate.JPG,Apple_rust,train
Apple_rust/image (127)_Skew.JPG,Apple_rust,train
Apple_rust/image (196)_Crop.JPG,Apple_rust,train
Apple_rust/image (263)_GridDistortion.JPG,Apple_rust,train
Apple_rust/image (231)_Crop.JPG,Apple_rust,train
Apple_rust/image (88)_GridDistortion.JPG,Apple_rust,train
Apple_rust/image (32)_Crop.JPG,Apple_rust,train
Apple_rust/image (183)_Shear.JPG,Apple_rust,train
Apple_rust/image (81)_Shear.JPG,Apple_rust,train
Apple_rust/image (220)_Crop.JPG,Apple_rust,train
Apple_rust/image (139)_Shear.JPG,Apple_rust,train
Apple_rust/image (46)_Rotate.JPG,Apple_rust,train
Apple_rust/image (104)_Skew.JPG,Apple_rust,train
Apple_rust/image (37)_Skew.JPG,Apple_rust,train
Apple_rust/image (143)_Flip.JPG,Apple_rust,train
Apple_rust/image (105)_Rotate.JPG,Apple_rust,train
Apple_rust/image (22)_Crop.JPG,Apple_rust,train
Apple_rust/image (273)_ElasticDistortion.JPG,Apple_rust,train
Apple_rust/image (212)_Flip.JPG,Apple_rust,train
Apple_rust/image (185)_Rotate.JPG,Apple_rust,train
Apple_rust/image (235)_Skew.JPG,Apple_rust,train
Apple_rust/image (106)_Flip.JPG,Apple_rust,train
Apple_rust/image (163)_Flip.JPG,Apple_rust,train
Apple_rust/image (207)_GridDistortion.JPG,Apple_rust,train
Apple_rust/image (171)_Flip.JPG,Apple_rust,train
Apple_rust/image (4)_Crop.JPG,Apple_rust,train
Apple_rust/image (205)_GridDistortion.JPG,Apple_rust,train
Apple_rust/image (61)_Flip.JPG,Apple_rust,train
Apple_rust/image (7)_Shear.JPG,Apple_rust,train
Apple_rust/image (165)_Flip.JPG,Apple_rust,train
Apple_rust/image (74)_ElasticDistortion.JPG,Apple_rust,train
Apple_rust/image (192)_Crop.JPG,Apple_rust,train
Apple_rust/image (209)_Rotate.JPG,Apple_rust,train
Apple_rust/image (160)_GridDistortion.JPG,Apple_rust,train
Apple_rust/image (175)_Skew.JPG,Apple_rust,train
Apple_rust/image (166)_Flip.JPG,Apple_rust,train
Apple_rust/image (257)_Rotate.JPG,Apple_rust,train
Apple_rust/image (173)_GridDistortion.JPG,Apple_rust,train
Apple_rust/image (124)_Shear.JPG,Apple_rust,train
Apple_rust/image (217)_Skew.JPG,Apple_rust,train
Apple_rust/image (40)_GridDistortion.JPG,Apple_rust,train
Apple_rust/image (186)_Crop.JPG,Apple_rust,train
Apple_rust/image (25)_GridDistortion.JPG,Apple_rust,train
Apple_rust/image (27)_GridDistortion.JPG,Apple_rust,train
Apple_rust/image (49)_Shear.JPG,Apple_rust,train
Apple_rust/image (229)_Rotate.JPG,Apple_rust,train
Apple_rust/image (195)_Skew.JPG,Apple_rust,train
Apple_rust/image (179)_Shear.JPG,Apple_rust,train
Apple_rust/image (227)_GridDistortion.JPG,Apple_rust,train
Apple_rust/image (84)_Rotate.JPG,Apple_rust,train
Apple_rust/image (149)_Shear.JPG,Apple_rust,train
Apple_rust/image (65)_Skew.JPG,Apple_rust,train
Apple_rust/image (34)_Shear.JPG,Apple_rust,train
Apple_rust/image (108)_Rotate.JPG,Apple_rust,train
Apple_rust/image (240)_GridDistortion.JPG,Apple_rust,train
Apple_rust/image (159)_GridDistortion.JPG,Apple_rust,train
Apple_rust/image (2)_Rotate.JPG,Apple_rust,train
Apple_rust/image (246)_ElasticDistortion.JPG,Apple_rust,train
Apple_rust/image (241)_ElasticDistortion.JPG,Apple_rust,train
Apple_rust/image (36)_ElasticDistortion.JPG,Apple_rust,train
Apple_rust/image (267)_Flip.JPG,Apple_rust,train
Apple_rust/image (146)_Shear.JPG,Apple_rust,train
Apple_rust/image (152)_ElasticDistortion.JPG,Apple_rust,train
Apple_rust/image (29)_GridDistortion.JPG,Apple_rust,train
Apple_rust/image (56)_Shear.JPG,Apple_rust,train
Apple_rust/image (136)_Shear.JPG,Apple_rust,train
Apple_rust/image (250)_ElasticDistortion.JPG,Apple_rust,train
Apple_rust/image (14)_Skew.JPG,Apple_rust,train
Apple_rust/image (100)_Skew.JPG,Apple_rust,train
Apple_rust/image (99)_Crop.JPG,Apple_rust,train
Apple_rust/image (224)_Skew.JPG,Apple_rust,train
Apple_rust/image (62)_GridDistortion.JPG,Apple_rust,train
Apple_rust/image (122)_Crop.JPG,Apple_rust,train
Apple_rust/image (242)_Shear.JPG,Apple_rust,train
Apple_rust/image (6)_Rotate.JPG,Apple_rust,train
Apple_rust/image (260)_Skew.JPG,Apple_rust,train
Apple_rust/image (228)_Rotate.JPG,Apple_rust,train
Apple_rust/image (112)_Crop.JPG,Apple_rust,train
Apple_rust/image (90)_Flip.JPG,Apple_rust,train
Apple_rust/image (244)_ElasticDistortion.JPG,Apple_rust,train
Apple_rust/image (91)_Shear.JPG,Apple_rust,train
Apple_rust/image (51)_Crop.JPG,Apple_rust,train
Apple_rust/image (39)_ElasticDistortion.JPG,Apple_rust,train
Apple_rust/image (197)_GridDistortion.JPG,Apple_rust,train
Apple_rust/image (226)_Rotate.JPG,Apple_rust,train
Apple_rust/image (194)_ElasticDistortion.JPG,Apple_rust,train
Apple_rust/image (33)_Rotate.JPG,Apple_rust,train
Apple_rust/image (13)_Shear.JPG,Apple_rust,train
Apple_rust/image (213)_Skew.JPG,Apple_rust,train
Apple_rust/image (202)_Crop.JPG,Apple_rust,train
Apple_rust/image (26)_Flip.JPG,Apple_rust,train
Apple_rust/image (93)_ElasticDistortion.JPG,Apple_rust,train
Apple_rust/image (64)_Skew.JPG,Apple_rust,train
Apple_rust/image (153)_Rotate.JPG,Apple_rust,train
Apple_rust/image (211)_ElasticDistortion.JPG,Apple_rust,train
Apple_rust/image (58)_Skew.JPG,Apple_rust,train
Apple_rust/image (129)_Flip.JPG,Apple_rust,train
Apple_rust/image (208)_Skew.JPG,Apple_rust,train
Apple_rust/image (8)_Crop.JPG,Apple_rust,train
Apple_rust/image (234)_GridDistortion.JPG,Apple_rust,train
Apple_rust/image (151)_GridDistortion.JPG,Apple_rust,train
Apple_rust/image (50)_Rotate.JPG,Apple_rust,train
Apple_rust/image (133)_Rotate.JPG,Apple_rust,train
Apple_rust/image (161)_Rotate.JPG,Apple_rust,train
Apple_rust/image (79)_GridDistortion.JPG,Apple_rust,train
Apple_rust/image (236)_ElasticDistortion.JPG,Apple_rust,train
Apple_rust/image (247)_Skew.JPG,Apple_rust,train
Apple_rust/image (140)_Crop.JPG,Apple_rust,train
Apple_rust/image (270)_Rotate.JPG,Apple_rust,train
Apple_rust/image (253)_Crop.JPG,Apple_rust,train
Apple_rust/image (96)_Skew.JPG,Apple_rust,train
Apple_rust/image (233)_Rotate.JPG,Apple_rust,train
Apple_rust/image (187)_Shear.JPG,Apple_rust,train
Apple_rust/image (201)_Skew.JPG,Apple_rust,train
Apple_rust/image (66)_Flip.JPG,Apple_rust,train
Apple_rust/image (191)_ElasticDistortion.JPG,Apple_rust,train
Apple_rust/image (103)_Skew.JPG,Apple_rust,train
Apple_rust/image (272)_ElasticDistortion.JPG,Apple_rust,train
Apple_rust/image (89)_Skew.JPG,Apple_rust,train
Apple_rust/image (16)_ElasticDistortion.JPG,Apple_rust,train
Apple_rust/image (243)_Rotate.JPG,Apple_rust,train
Apple_rust/image (94)_ElasticDistortion.JPG,Apple_rust,train
Apple_rust/image (28)_Skew.JPG,Apple_rust,train
Apple_rust/image (155)_Shear.JPG,Apple_rust,train
Apple_rust/image (223)_Crop.JPG,Apple_rust,train
Apple_rust/image (154)_Crop.JPG,Apple_rust,train
Apple_rust/image (11)_GridDistortion.JPG,Apple_rust,train
Apple_rust/image (255)_Skew.JPG,Apple_rust,train
Apple_rust/image (54)_Crop.JPG,Apple_rust,train
Apple_rust/image (98)_Shear.JPG,Apple_rust,train
Apple_rust/image (128)_Skew.JPG,Apple_rust,train
Apple_rust/image (120)_GridDistortion.JPG,Apple_rust,train
Apple_rust/image (55)_Crop.JPG,Apple_rust,train
Apple_rust/image (199)_ElasticDistortion.JPG,Apple_rust,train
Apple_rust/image (86)_Flip.JPG,Apple_rust,train
Apple_rust/image (75)_Crop.JPG,Apple_rust,train
Apple_rust/image (78)_Skew.JPG,Apple_rust,train
Apple_rust/image (239)_Rotate.JPG,Apple_rust,train
Apple_rust/image (80)_Skew.JPG,Apple_rust,train
Apple_rust/image (221)_Skew.JPG,Apple_rust,train
Apple_rust/image (15)_ElasticDistortion.JPG,Apple_rust,train
Apple_rust/image (259)_Flip.JPG,Apple_rust,train
Apple_rust/image (102)_GridDistortion.JPG,Apple_rust,train
Apple_rust/image (67)_Skew.JPG,Apple_rust,train
Apple_rust/image (52)_Skew.JPG,Apple_rust,train
Apple_rust/image (238)_Flip.JPG,Apple_rust,train
Apple_rust/image (20)_Crop.JPG,Apple_rust,train
Apple_rust/image (222)_GridDistortion.JPG,Apple_rust,train
Apple_rust/image (130)_GridDistortion.JPG,Apple_rust,train
Apple_rust/image (115)_GridDistortion.JPG,Apple_rust,train
Apple_rust/image (174)_Crop.JPG,Apple_rust,train
Apple_rust/image (38)_Shear.JPG,Apple_rust,train
Apple_rust/image (172)_Rotate.JPG,Apple_rust,train
Apple_rust/image (254)_Skew.JPG,Apple_rust,train
Apple_rust/image (45)_Skew.JPG,Apple_rust,train
Apple_rust/image (114)_Rotate.JPG,Apple_rust,train
Apple_rust/image (177)_ElasticDistortion.JPG,Apple_rust,train
Apple_rust/image (176)_GridDistortion.JPG,Apple_rust,train
Apple_rust/image (271)_Skew.JPG,Apple_rust,train
Apple_rust/image (30)_ElasticDistortion.JPG,Apple_rust,train
Apple_rust/image (132)_GridDistortion.JPG,Apple_rust,train
Apple_rust/image (142)_Shear.JPG,Apple_rust,train
Apple_rust/image (71)_Shear.JPG,Apple_rust,train
Apple_rust/image (53)_ElasticDistortion.JPG,Apple_rust,train
Apple_rust/image (261)_Shear.JPG,Apple_rust,train
Apple_rust/image (184)_Crop.JPG,Apple_rust,train
Apple_rust/image (256)_Rotate.JPG,Apple_rust,train
Apple_rust/image (164)_Shear.JPG,Apple_rust,train
Apple_rust/image (168)_Rotate.JPG,Apple_rust,train
Apple_rust/image (24)_Skew.JPG,Apple_rust,train
Apple_rust/image (69)_Crop.JPG,Apple_rust,train
Apple_rust/image (180)_Crop.JPG,Apple_rust,train
Apple_rust/image (41)_Rotate.JPG,Apple_rust,train
Apple_rust/image (23)_GridDistortion.JPG,Apple_rust,train
Apple_rust/image (92)_Rotate.JPG,Apple_rust,train
Apple_rust/image (126)_GridDistortion.JPG,Apple_rust,train
Apple_rust/image (57)_Flip.JPG,Apple_rust,train
Apple_rust/image (188)_Flip.JPG,Apple_rust,train
Apple_rust/image (110)_Flip.JPG,Apple_rust,train
Apple_rust/image (189)_Flip.JPG,Apple_rust,train
Apple_rust/image (144)_Crop.JPG,Apple_rust,train
Apple_rust/image (85)_Rotate.JPG,Apple_rust,train
Apple_rust/image (76)_Rotate.JPG,Apple_rust,train
Apple_rust/image (204)_Flip.JPG,Apple_rust,train
Apple_rust/image (9)_Skew.JPG,Apple_rust,train
Apple_rust/image (218)_Rotate.JPG,Apple_rust,train
Apple_rust/image (214)_Rotate.JPG,Apple_rust,train
Apple_rust/image (258)_GridDistortion.JPG,Apple_rust,train
Apple_rust/image (47)_Crop.JPG,Apple_rust,train
Apple_rust/image (266)_Crop.JPG,Apple_rust,train
Apple_rust/image (138)_Flip.JPG,Apple_rust,train
Apple_rust/image (136)_Rotate.JPG,Apple_rust,train
Apple_rust/image (154)_ElasticDistortion.JPG,Apple_rust,train
Apple_rust/image (152)_Crop.JPG,Apple_rust,train
Apple_rust/image (91)_Rotate.JPG,Apple_rust,train
Apple_rust/image (178)_ElasticDistortion.JPG,Apple_rust,train
Apple_rust/image (80)_Crop.JPG,Apple_rust,train
Apple_rust/image (182)_Shear.JPG,Apple_rust,train
Apple_rust/image (271)_GridDistortion.JPG,Apple_rust,train
Apple_rust/image (139)_Rotate.JPG,Apple_rust,train
Apple_rust/image (242)_ElasticDistortion.JPG,Apple_rust,train
Apple_rust/image (223)_ElasticDistortion.JPG,Apple_rust,train
Apple_rust/image (273)_Skew.JPG,Apple_rust,train
Apple_rust/image (29)_ElasticDistortion.JPG,Apple_rust,train
Apple_rust/image (272)_Shear.JPG,Apple_rust,train
Apple_rust/image (34)_Flip.JPG,Apple_rust,train
Apple_rust/image (19)_Rotate.JPG,Apple_rust,train
Apple_rust/image (84)_Skew.JPG,Apple_rust,train
Apple_rust/image (39)_Flip.JPG,Apple_rust,train
Apple_rust/image (243)_ElasticDistortion.JPG,Apple_rust,train
Apple_rust/image (128)_Rotate.JPG,Apple_rust,train
Apple_rust/image (174)_ElasticDistortion.JPG,Apple_rust,train
Apple_rust/image (133)_ElasticDistortion.JPG,Apple_rust,train
Apple_rust/image (27)_Flip.JPG,Apple_rust,train
Apple_rust/image (108)_GridDistortion.JPG,Apple_rust,train
Apple_rust/image (2)_GridDistortion.JPG,Apple_rust,train
Apple_rust/image (62)_Skew.JPG,Apple_rust,train
Apple_rust/image (37)_Crop.JPG,Apple_rust,train
Apple_rust/image (130)_Shear.JPG,Apple_rust,train
Apple_rust/image (226)_Crop.JPG,Apple_rust,train
Apple_rust/image (16)_Shear.JPG,Apple_rust,train
Apple_rust/image (181)_GridDistortion.JPG,Apple_rust,train
Apple_rust/image (211)_Crop.JPG,Apple_rust,train
Apple_rust/image (71)_Flip.JPG,Apple_rust,train
Apple_rust/image (23)_ElasticDistortion.JPG,Apple_rust,train
Apple_rust/image (259)_GridDistortion.JPG,Apple_rust,train
Apple_rust/image (209)_ElasticDistortion.JPG,Apple_rust,train
Apple_rust/image (21)_Crop.JPG,Apple_rust,train
Apple_rust/image (54)_Flip.JPG,Apple_rust,train
Apple_rust/image (201)_Crop.JPG,Apple_rust,train
Apple_rust/image (122)_Flip.JPG,Apple_rust,train
Apple_rust/image (261)_Flip.JPG,Apple_rust,train
Apple_rust/image (238)_Skew.JPG,Apple_rust,train
Apple_rust/image (164)_Crop.JPG,Apple_rust,train
Apple_rust/image (61)_Crop.JPG,Apple_rust,train
Apple_rust/image (14)_Flip.JPG,Apple_rust,train
Apple_rust/image (257)_GridDistortion.JPG,Apple_rust,train
Apple_rust/image (120)_Shear.JPG,Apple_rust,train
Apple_rust/image (24)_ElasticDistortion.JPG,Apple_rust,train
Apple_rust/image (233)_Skew.JPG,Apple_rust,train
Apple_rust/image (252)_Flip.JPG,Apple_rust,train
Apple_rust/image (235)_Rotate.JPG,Apple_rust,train
Apple_rust/image (236)_Skew.JPG,Apple_rust,train
Apple_rust/image (131)_Skew.JPG,Apple_rust,train
Apple_rust/image (123)_Shear.JPG,Apple_rust,train
Apple_rust/image (56)_ElasticDistortion.JPG,Apple_rust,train
Apple_rust/image (28)_Crop.JPG,Apple_rust,train
Apple_rust/image (221)_ElasticDistortion.JPG,Apple_rust,train
Apple_rust/image (79)_ElasticDistortion.JPG,Apple_rust,train
Apple_rust/image (232)_Shear.JPG,Apple_rust,train
Apple_rust/image (175)_Crop.JPG,Apple_rust,train
Apple_rust/image (69)_Flip.JPG,Apple_rust,train
Apple_rust/image (106)_GridDistortion.JPG,Apple_rust,train
Apple_rust/image (247)_Rotate.JPG,Apple_rust,train
Apple_rust/image (89)_ElasticDistortion.JPG,Apple_rust,train
Apple_rust/image (187)_GridDistortion.JPG,Apple_rust,train
Apple_rust/image (229)_Flip.JPG,Apple_rust,train
Apple_rust/image (231)_Rotate.JPG,Apple_rust,train
Apple_rust/image (165)_Shear.JPG,Apple_rust,train
Apple_rust/image (180)_Skew.JPG,Apple_rust,train
Apple_rust/image (225)_ElasticDistortion.JPG,Apple_rust,train
Apple_rust/image (22)_Shear.JPG,Apple_rust,train
Apple_rust/image (81)_GridDistortion.JPG,Apple_rust,train
Apple_rust/image (76)_Skew.JPG,Apple_rust,train
Apple_rust/image (121)_ElasticDistortion.JPG,Apple_rust,train
Apple_rust/image (202)_ElasticDistortion.JPG,Apple_rust,train
Apple_rust/image (205)_ElasticDistortion.JPG,Apple_rust,train
Apple_rust/image (199)_Rotate.JPG,Apple_rust,train
Apple_rust/image (171)_GridDistortion.JPG,Apple_rust,train
Apple_rust/image (149)_GridDistortion.JPG,Apple_rust,train
Apple_rust/image (100)_Crop.JPG,Apple_rust,train
Apple_rust/image (267)_Skew.JPG,Apple_rust,train
Apple_rust/image (115)_Shear.JPG,Apple_rust,train
Apple_rust/image (159)_Flip.JPG,Apple_rust,train
Apple_rust/image (15)_Flip.JPG,Apple_rust,train
Apple_rust/image (66)_Rotate.JPG,Apple_rust,train
Apple_rust/image (33)_Shear.JPG,Apple_rust,train
Apple_rust/image (65)_Flip.JPG,Apple_rust,train
Apple_rust/image (94)_Skew.JPG,Apple_rust,train
Apple_rust/image (90)_Shear.JPG,Apple_rust,train
Apple_rust/image (75)_Skew.JPG,Apple_rust,train
Apple_rust/image (47)_Rotate.JPG,Apple_rust,train
Apple_rust/image (270)_Shear.JPG,Apple_rust,train
Apple_rust/image (208)_ElasticDistortion.JPG,Apple_rust,train
Apple_rust/image (138)_GridDistortion.JPG,Apple_rust,train
Apple_rust/image (144)_Rotate.JPG,Apple_rust,train
Apple_rust/image (195)_GridDistortion.JPG,Apple_rust,train
Apple_rust/image (274)_Skew.JPG,Apple_rust,train
Apple_rust/image (43)_Skew.JPG,Apple_rust,train
Apple_rust/image (25)_ElasticDistortion.JPG,Apple_rust,train
Apple_rust/image (189)_ElasticDistortion.JPG,Apple_rust,train
Apple_rust/image (203)_Flip.JPG,Apple_rust,train
Apple_rust/image (97)_Skew.JPG,Apple_rust,train
Apple_rust/image (93)_GridDistortion.JPG,Apple_rust,train
Apple_rust/image (160)_ElasticDistortion.JPG,Apple_rust,train
Apple_rust/image (83)_GridDistortion.JPG,Apple_rust,train
Apple_rust/image (260)_Flip.JPG,Apple_rust,train
Apple_rust/image (95)_Crop.JPG,Apple_rust,train
Apple_rust/image (52)_Crop.JPG,Apple_rust,train
Apple_rust/image (51)_Shear.JPG,Apple_rust,train
Apple_rust/image (217)_Rotate.JPG,Apple_rust,train
Apple_rust/image (140)_Rotate.JPG,Apple_rust,train
Apple_rust/image (197)_Shear.JPG,Apple_rust,train
Apple_rust/image (88)_Skew.JPG,Apple_rust,train
Apple_rust/image (64)_Shear.JPG,Apple_rust,train
Apple_rust/image (250)_Shear.JPG,Apple_rust,train
Apple_rust/image (163)_GridDistortion.JPG,Apple_rust,train
Apple_rust/image (275)_Flip.JPG,Apple_rust,train
Apple_rust/image (194)_Shear.JPG,Apple_rust,train
Apple_rust/image (249)_GridDistortion.JPG,Apple_rust,train
Apple_rust/image (192)_Shear.JPG,Apple_rust,train
Apple_rust/image (36)_GridDistortion.JPG,Apple_rust,train
Apple_rust/image (11)_ElasticDistortion.JPG,Apple_rust,train
Apple_rust/image (224)_Rotate.JPG,Apple_rust,train
Apple_rust/image (135)_Crop.JPG,Apple_rust,train
Apple_rust/image (17)_ElasticDistortion.JPG,Apple_rust,train
Apple_rust/image (114)_GridDistortion.JPG,Apple_rust,train
Apple_rust/image (107)_Crop.JPG,Apple_rust,train
Apple_rust/image (204)_Crop.JPG,Apple_rust,train
Apple_rust/image (49)_Rotate.JPG,Apple_rust,train
Apple_rust/image (142)_Skew.JPG,Apple_rust,train
Apple_rust/image (215)_Crop.JPG,Apple_rust,train
Apple_rust/image (96)_Flip.JPG,Apple_rust,train
Apple_rust/image (216)_Rotate.JPG,Apple_rust,train
Apple_rust/image (67)_ElasticDistortion.JPG,Apple_rust,train
Apple_rust/image (151)_Flip.JPG,Apple_rust,train
Apple_rust/image (50)_Shear.JPG,Apple_rust,train
Apple_rust/image (266)_ElasticDistortion.JPG,Apple_rust,train
Apple_rust/image (58)_Crop.JPG,Apple_rust,train
Apple_rust/image (143)_GridDistortion.JPG,Apple_rust,train
Apple_rust/image (166)_GridDistortion.JPG,Apple_rust,train
Apple_rust/image (8)_Skew.JPG,Apple_rust,train
Apple_rust/image (196)_ElasticDistortion.JPG,Apple_rust,train
Apple_rust/image (74)_GridDistortion.JPG,Apple_rust,train
Apple_rust/image (45)_Rotate.JPG,Apple_rust,train
Apple_rust/image (258)_ElasticDistortion.JPG,Apple_rust,train
Apple_rust/image (186)_Shear.JPG,Apple_rust,train
Apple_rust/image (124)_Rotate.JPG,Apple_rust,train
Apple_rust/image (112)_GridDistortion.JPG,Apple_rust,train
Apple_rust/image (184)_Shear.JPG,Apple_rust,train
Apple_rust/image (4)_Skew.JPG,Apple_rust,train
Apple_rust/image (264)_Rotate.JPG,Apple_rust,train
Apple_rust/image (168)_ElasticDistortion.JPG,Apple_rust,train
Apple_rust/image (173)_ElasticDistortion.JPG,Apple_rust,train
Apple_rust/image (110)_Rotate.JPG,Apple_rust,train
Apple_rust/image (85)_Crop.JPG,Apple_rust,train
Apple_rust/image (70)_Flip.JPG,Apple_rust,train
Apple_rust/image (78)_GridDistortion.JPG,Apple_rust,train
Apple_rust/image (20)_Shear.JPG,Apple_rust,train
Apple_rust/image (228)_Skew.JPG,Apple_rust,train
Apple_rust/image (244)_Shear.JPG,Apple_rust,train
Apple_rust/image (127)_GridDistortion.JPG,Apple_rust,train
Apple_rust/image (153)_GridDistortion.JPG,Apple_rust,train
Apple_rust/image (103)_GridDistortion.JPG,Apple_rust,train
Apple_rust/image (98)_ElasticDistortion.JPG,Apple_rust,train
Apple_rust/image (119)_Crop.JPG,Apple_rust,train
Apple_rust/image (239)_ElasticDistortion.JPG,Apple_rust,train
Apple_rust/image (9)_Shear.JPG,Apple_rust,train
Apple_rust/image (213)_Rotate.JPG,Apple_rust,train
Apple_rust/image (214)_Flip.JPG,Apple_rust,train
Apple_rust/image (55)_Skew.JPG,Apple_rust,train
Apple_rust/image (129)_Crop.JPG,Apple_rust,train
Apple_rust/image (109)_Rotate.JPG,Apple_rust,train
Apple_rust/image (40)_Shear.JPG,Apple_rust,train
Apple_rust/image (41)_Shear.JPG,Apple_rust,train
Apple_rust/image (57)_Crop.JPG,Apple_rust,train
Apple_rust/image (191)_Rotate.JPG,Apple_rust,train
Apple_rust/image (172)_GridDistortion.JPG,Apple_rust,train
Apple_rust/image (177)_GridDistortion.JPG,Apple_rust,train
Apple_rust/image (263)_Flip.JPG,Apple_rust,train
Apple_rust/image (234)_Rotate.JPG,Apple_rust,train
Apple_rust/image (220)_Shear.JPG,Apple_rust,train
Apple_rust/image (212)_ElasticDistortion.JPG,Apple_rust,train
Apple_rust/image (126)_Flip.JPG,Apple_rust,train
Apple_rust/image (218)_GridDistortion.JPG,Apple_rust,train
Apple_rust/image (183)_Crop.JPG,Apple_rust,train
Apple_rust/image (207)_Crop.JPG,Apple_rust,train
Apple_rust/image (179)_Skew.JPG,Apple_rust,train
Apple_rust/image (7)_Crop.JPG,Apple_rust,train
Apple_rust/image (99)_Shear.JPG,Apple_rust,train
Apple_rust/image (161)_Flip.JPG,Apple_rust,train
Apple_rust/image (176)_ElasticDistortion.JPG,Apple_rust,train
Apple_rust/image (146)_Crop.JPG,Apple_rust,train
Apple_rust/image (253)_ElasticDistortion.JPG,Apple_rust,train
Apple_rust/image (13)_Rotate.JPG,Apple_rust,train
Apple_rust/image (132)_ElasticDistortion.JPG,Apple_rust,train
Apple_rust/image (155)_Rotate.JPG,Apple_rust,train
Apple_rust/image (227)_Rotate.JPG,Apple_rust,train
Apple_rust/image (46)_Skew.JPG,Apple_rust,train
Apple_rust/image (53)_Crop.JPG,Apple_rust,train
Apple_rust/image (246)_GridDistortion.JPG,Apple_rust,train
Apple_rust/image (86)_Shear.JPG,Apple_rust,train
Apple_rust/image (188)_Skew.JPG,Apple_rust,train
Apple_rust/image (256)_Skew.JPG,Apple_rust,train
Apple_rust/image (185)_Shear.JPG,Apple_rust,train
Apple_rust/image (6)_Flip.JPG,Apple_rust,train
Apple_rust/image (254)_ElasticDistortion.JPG,Apple_rust,train
Apple_rust/image (92)_ElasticDistortion.JPG,Apple_rust,train
Apple_rust/image (104)_Rotate.JPG,Apple_rust,train
Apple_rust/image (222)_Crop.JPG,Apple_rust,train
Apple_rust/image (26)_ElasticDistortion.JPG,Apple_rust,train
Apple_rust/image (255)_Shear.JPG,Apple_rust,train
Apple_rust/image (102)_Skew.JPG,Apple_rust,train
Apple_rust/image (105)_Skew.JPG,Apple_rust,train
Apple_rust/image (241)_Rotate.JPG,Apple_rust,train
Apple_rust/image (42)_GridDistortion.JPG,Apple_rust,train
Apple_rust/image (240)_Flip.JPG,Apple_rust,train
Apple_rust/image (30)_Shear.JPG,Apple_rust,train
Apple_rust/image (44)_Crop.JPG,Apple_rust,train
Apple_rust/image (38)_Skew.JPG,Apple_rust,train
Apple_rust/image (32)_Rotate.JPG,Apple_rust,train
Apple_rust/image (246)_Shear.JPG,Apple_rust,train
Apple_rust/image (188)_GridDistortion.JPG,Apple_rust,train
Apple_rust/image (119)_Shear.JPG,Apple_rust,train
Apple_rust/image (106)_ElasticDistortion.JPG,Apple_rust,train
Apple_rust/image (201)_ElasticDistortion.JPG,Apple_rust,train
Apple_rust/image (238)_GridDistortion.JPG,Apple_rust,train
Apple_rust/image (197)_Skew.JPG,Apple_rust,train
Apple_rust/image (26)_Skew.JPG,Apple_rust,train
Apple_rust/image (140)_GridDistortion.JPG,Apple_rust,train
Apple_rust/image (159)_Skew.JPG,Apple_rust,train
Apple_rust/image (173)_Crop.JPG,Apple_rust,train
Apple_rust/image (149)_Flip.JPG,Apple_rust,train
Apple_rust/image (74)_Flip.JPG,Apple_rust,train
Apple_rust/image (184)_Flip.JPG,Apple_rust,train
Apple_rust/image (93)_Flip.JPG,Apple_rust,train
Apple_rust/image (133)_Crop.JPG,Apple_rust,train
Apple_rust/image (128)_Flip.JPG,Apple_rust,train
Apple_rust/image (231)_Shear.JPG,Apple_rust,train
Apple_rust/image (225)_GridDistortion.JPG,Apple_rust,train
Apple_rust/image (207)_Shear.JPG,Apple_rust,train
Apple_rust/image (83)_Flip.JPG,Apple_rust,train
Apple_rust/image (33)_Skew.JPG,Apple_rust,train
Apple_rust/image (256)_ElasticDistortion.JPG,Apple_rust,train
Apple_rust/image (99)_GridDistortion.JPG,Apple_rust,train
Apple_rust/image (228)_ElasticDistortion.JPG,Apple_rust,train
Apple_rust/image (107)_GridDistortion.JPG,Apple_rust,train
Apple_rust/image (189)_Rotate.JPG,Apple_rust,train
Apple_rust/image (175)_Flip.JPG,Apple_rust,train
Apple_rust/image (103)_Flip.JPG,Apple_rust,train
Apple_rust/image (22)_ElasticDistortion.JPG,Apple_rust,train
Apple_rust/image (94)_Rotate.JPG,Apple_rust,train
Apple_rust/image (240)_Crop.JPG,Apple_rust,train
Apple_rust/image (136)_Flip.JPG,Apple_rust,train
Apple_rust/image (215)_Skew.JPG,Apple_rust,train
Apple_rust/image (155)_Crop.JPG,Apple_rust,train
Apple_rust/image (95)_ElasticDistortion.JPG,Apple_rust,train
Apple_rust/image (181)_Skew.JPG,Apple_rust,train
Apple_rust/image (191)_GridDistortion.JPG,Apple_rust,train
Apple_rust/image (258)_Crop.JPG,Apple_rust,train
Apple_rust/image (126)_Skew.JPG,Apple_rust,train
Apple_rust/image (254)_Rotate.JPG,Apple_rust,train
Apple_rust/image (252)_Skew.JPG,Apple_rust,train
Apple_rust/image (177)_Flip.JPG,Apple_rust,train
Apple_rust/image (32)_GridDistortion.JPG,Apple_rust,train
Apple_rust/image (275)_Crop.JPG,Apple_rust,train
Apple_rust/image (70)_GridDistortion.JPG,Apple_rust,train
Apple_rust/image (20)_Skew.JPG,Apple_rust,train
Apple_rust/image (272)_Flip.JPG,Apple_rust,train
Apple_rust/image (108)_Crop.JPG,Apple_rust,train
Apple_rust/image (253)_Rotate.JPG,Apple_rust,train
Apple_rust/image (260)_Crop.JPG,Apple_rust,train
Apple_rust/image (270)_GridDistortion.JPG,Apple_rust,train
Apple_rust/image (166)_Skew.JPG,Apple_rust,train
Apple_rust/image (163)_Shear.JPG,Apple_rust,train
Apple_rust/image (180)_ElasticDistortion.JPG,Apple_rust,train
Apple_rust/image (151)_ElasticDistortion.JPG,Apple_rust,train
Apple_rust/image (214)_ElasticDistortion.JPG,Apple_rust,train
Apple_rust/image (89)_Rotate.JPG,Apple_rust,train
Apple_rust/image (85)_Skew.JPG,Apple_rust,train
Apple_rust/image (195)_Rotate.JPG,Apple_rust,train
Apple_rust/image (139)_ElasticDistortion.JPG,Apple_rust,train
Apple_rust/image (40)_Skew.JPG,Apple_rust,train
Apple_rust/image (247)_Shear.JPG,Apple_rust,train
Apple_rust/image (131)_Crop.JPG,Apple_rust,train
Apple_rust/image (222)_ElasticDistortion.JPG,Apple_rust,train
Apple_rust/image (104)_Flip.JPG,Apple_rust,train
Apple_rust/image (90)_ElasticDistortion.JPG,Apple_rust,train
Apple_rust/image (42)_Rotate.JPG,Apple_rust,train
Apple_rust/image (110)_Crop.JPG,Apple_rust,train
Apple_rust/image (142)_Flip.JPG,Apple_rust,train
Apple_rust/image (30)_GridDistortion.JPG,Apple_rust,train
Apple_rust/image (56)_Crop.JPG,Apple_rust,train
Apple_rust/image (224)_GridDistortion.JPG,Apple_rust,train
Apple_rust/image (236)_Flip.JPG,Apple_rust,train
Apple_rust/image (235)_Crop.JPG,Apple_rust,train
Apple_rust/image (244)_Skew.JPG,Apple_rust,train
Apple_rust/image (19)_GridDistortion.JPG,Apple_rust,train
Apple_rust/image (239)_Flip.JPG,Apple_rust,train
Apple_rust/image (96)_Rotate.JPG,Apple_rust,train
Apple_rust/image (38)_Flip.JPG,Apple_rust,train
Apple_rust/image (28)_Flip.JPG,Apple_rust,train
Apple_rust/image (39)_Skew.JPG,Apple_rust,train
Apple_rust/image (4)_Shear.JPG,Apple_rust,train
Apple_rust/image (264)_Skew.JPG,Apple_rust,train
Apple_rust/image (165)_Crop.JPG,Apple_rust,train
Apple_rust/image (249)_Shear.JPG,Apple_rust,train
Apple_rust/image (196)_Flip.JPG,Apple_rust,train
Apple_rust/image (132)_Flip.JPG,Apple_rust,train
Apple_rust/image (154)_Shear.JPG,Apple_rust,train
Apple_rust/image (171)_ElasticDistortion.JPG,Apple_rust,train
Apple_rust/image (261)_ElasticDistortion.JPG,Apple_rust,train
Apple_rust/image (67)_GridDistortion.JPG,Apple_rust,train
Apple_rust/image (257)_Shear.JPG,Apple_rust,train
Apple_rust/image (91)_Flip.JPG,Apple_rust,train
Apple_rust/image (45)_Crop.JPG,Apple_rust,train
Apple_rust/image (182)_Flip.JPG,Apple_rust,train
Apple_rust/image (109)_Shear.JPG,Apple_rust,train
Apple_rust/image (123)_GridDistortion.JPG,Apple_rust,train
Apple_rust/image (58)_ElasticDistortion.JPG,Apple_rust,train
Apple_rust/image (46)_Shear.JPG,Apple_rust,train
Apple_rust/image (76)_Flip.JPG,Apple_rust,train
Apple_rust/image (84)_GridDistortion.JPG,Apple_rust,train
Apple_rust/image (216)_Shear.JPG,Apple_rust,train
Apple_rust/image (160)_Flip.JPG,Apple_rust,train
Apple_rust/image (122)_GridDistortion.JPG,Apple_rust,train
Apple_rust/image (146)_GridDistortion.JPG,Apple_rust,train
Apple_rust/image (16)_Flip.JPG,Apple_rust,train
Apple_rust/image (66)_Skew.JPG,Apple_rust,train
Apple_rust/image (54)_Rotate.JPG,Apple_rust,train
Apple_rust/image (43)_GridDistortion.JPG,Apple_rust,train
Apple_rust/image (78)_Flip.JPG,Apple_rust,train
Apple_rust/image (21)_Skew.JPG,Apple_rust,train
Apple_rust/image (6)_Crop.JPG,Apple_rust,train
Apple_rust/image (161)_Crop.JPG,Apple_rust,train
Apple_rust/image (135)_Shear.JPG,Apple_rust,train
Apple_rust/image (11)_Shear.JPG,Apple_rust,train
Apple_rust/image (176)_Shear.JPG,Apple_rust,train
Apple_rust/image (55)_Flip.JPG,Apple_rust,train
Apple_rust/image (204)_ElasticDistortion.JPG,Apple_rust,train
Apple_rust/image (250)_Crop.JPG,Apple_rust,train
Apple_rust/image (227)_Flip.JPG,Apple_rust,train
Apple_rust/image (120)_Rotate.JPG,Apple_rust,train
Apple_rust/image (221)_Flip.JPG,Apple_rust,train
Apple_rust/image (153)_Shear.JPG,Apple_rust,train
Apple_rust/image (205)_Crop.JPG,Apple_rust,train
Apple_rust/image (49)_ElasticDistortion.JPG,Apple_rust,train
Apple_rust/image (102)_Shear.JPG,Apple_rust,train
Apple_rust/image (23)_Crop.JPG,Apple_rust,train
Apple_rust/image (172)_Flip.JPG,Apple_rust,train
Apple_rust/image (271)_Crop.JPG,Apple_rust,train
Apple_rust/image (81)_Crop.JPG,Apple_rust,train
Apple_rust/image (24)_Crop.JPG,Apple_rust,train
Apple_rust/image (50)_Crop.JPG,Apple_rust,train
Apple_rust/image (274)_Rotate.JPG,Apple_rust,train
Apple_rust/image (13)_GridDistortion.JPG,Apple_rust,train
Apple_rust/image (266)_GridDistortion.JPG,Apple_rust,train
Apple_rust/image (273)_Flip.JPG,Apple_rust,train
Apple_rust/image (174)_Flip.JPG,Apple_rust,train
Apple_rust/image (194)_Rotate.JPG,Apple_rust,train
Apple_rust/image (98)_Skew.JPG,Apple_rust,train
Apple_rust/image (115)_Flip.JPG,Apple_rust,train
Apple_rust/image (152)_Flip.JPG,Apple_rust,train
Apple_rust/image (212)_GridDistortion.JPG,Apple_rust,train
Apple_rust/image (127)_Rotate.JPG,Apple_rust,train
Apple_rust/image (179)_GridDistortion.JPG,Apple_rust,train
Apple_rust/image (209)_Crop.JPG,Apple_rust,train
Apple_rust/image (62)_Flip.JPG,Apple_rust,train
Apple_rust/image (185)_Crop.JPG,Apple_rust,train
Apple_rust/image (29)_Flip.JPG,Apple_rust,train
Apple_rust/image (192)_GridDistortion.JPG,Apple_rust,train
Apple_rust/image (41)_Crop.JPG,Apple_rust,train
Apple_rust/image (164)_ElasticDistortion.JPG,Apple_rust,train
Apple_rust/image (51)_ElasticDistortion.JPG,Apple_rust,train
Apple_rust/image (65)_Shear.JPG,Apple_rust,train
Apple_rust/image (7)_Rotate.JPG,Apple_rust,train
Apple_rust/image (229)_Skew.JPG,Apple_rust,train
Apple_rust/image (15)_GridDistortion.JPG,Apple_rust,train
Apple_rust/image (138)_Skew.JPG,Apple_rust,train
Apple_rust/image (105)_Crop.JPG,Apple_rust,train
Apple_rust/image (61)_ElasticDistortion.JPG,Apple_rust,train
Apple_rust/image (86)_Skew.JPG,Apple_rust,train
Apple_rust/image (130)_Skew.JPG,Apple_rust,train
Apple_rust/image (112)_Shear.JPG,Apple_rust,train
Apple_rust/image (114)_Skew.JPG,Apple_rust,train
Apple_rust/image (203)_Shear.JPG,Apple_rust,train
Apple_rust/image (8)_Flip.JPG,Apple_rust,train
Apple_rust/image (263)_Skew.JPG,Apple_rust,train
Apple_rust/image (14)_GridDistortion.JPG,Apple_rust,train
Apple_rust/image (9)_ElasticDistortion.JPG,Apple_rust,train
Apple_rust/image (259)_Crop.JPG,Apple_rust,train
Apple_rust/image (202)_Rotate.JPG,Apple_rust,train
Apple_rust/image (187)_Crop.JPG,Apple_rust,train
Apple_rust/image (97)_GridDistortion.JPG,Apple_rust,train
Apple_rust/image (88)_Flip.JPG,Apple_rust,train
Apple_rust/image (243)_Shear.JPG,Apple_rust,train
Apple_rust/image (168)_Flip.JPG,Apple_rust,train
Apple_rust/image (226)_ElasticDistortion.JPG,Apple_rust,train
Apple_rust/image (17)_Flip.JPG,Apple_rust,train
Apple_rust/image (218)_ElasticDistortion.JPG,Apple_rust,train
Apple_rust/image (255)_Rotate.JPG,Apple_rust,train
Apple_rust/image (121)_Flip.JPG,Apple_rust,train
Apple_rust/image (208)_Shear.JPG,Apple_rust,train
Apple_rust/image (53)_GridDistortion.JPG,Apple_rust,train
Apple_rust/image (44)_Flip.JPG,Apple_rust,train
Apple_rust/image (80)_Rotate.JPG,Apple_rust,train
Apple_rust/image (234)_ElasticDistortion.JPG,Apple_rust,train
Apple_rust/image (79)_Flip.JPG,Apple_rust,train
Apple_rust/image (64)_Flip.JPG,Apple_rust,train
Apple_rust/image (100)_Rotate.JPG,Apple_rust,train
Apple_rust/image (27)_Shear.JPG,Apple_rust,train
Apple_rust/image (2)_Crop.JPG,Apple_rust,train
Apple_rust/image (241)_Skew.JPG,Apple_rust,train
Apple_rust/image (233)_GridDistortion.JPG,Apple_rust,train
Apple_rust/image (211)_Skew.JPG,Apple_rust,train
Apple_rust/image (52)_ElasticDistortion.JPG,Apple_rust,train
Apple_rust/image (186)_ElasticDistortion.JPG,Apple_rust,train
Apple_rust/image (69)_Skew.JPG,Apple_rust,train
Apple_rust/image (25)_Rotate.JPG,Apple_rust,train
Apple_rust/image (220)_Flip.JPG,Apple_rust,train
Apple_rust/image (129)_Rotate.JPG,Apple_rust,train
Apple_rust/image (75)_Rotate.JPG,Apple_rust,train
Apple_rust/image (37)_Flip.JPG,Apple_rust,train
Apple_rust/image (124)_ElasticDistortion.JPG,Apple_rust,train
Apple_rust/image (232)_Skew.JPG,Apple_rust,train
Apple_rust/image (213)_Crop.JPG,Apple_rust,train
Apple_rust/image (223)_Flip.JPG,Apple_rust,train
Apple_rust/image (34)_Skew.JPG,Apple_rust,train
Apple_rust/image (183)_ElasticDistortion.JPG,Apple_rust,train
Apple_rust/image (36)_Shear.JPG,Apple_rust,train
Apple_rust/image (267)_ElasticDistortion.JPG,Apple_rust,train
Apple_rust/image (143)_Crop.JPG,Apple_rust,train
Apple_rust/image (242)_Skew.JPG,Apple_rust,train
Apple_scab/image (375)_Rotate.JPG,Apple_scab,train
Apple_scab/image (320)_Shear.JPG,Apple_scab,train
Apple_scab/image (382)_Rotate.JPG,Apple_scab,train
Apple_scab/image (319)_GridDistortion.JPG,Apple_scab,train
Apple_scab/image (35)_Shear.JPG,Apple_scab,train
Apple_scab/image (464)_ElasticDistortion.JPG,Apple_scab,train
Apple_scab/image (452)_Shear.JPG,Apple_scab,train
Apple_scab/image (541)_GridDistortion.JPG,Apple_scab,train
Apple_scab/image (225)_Crop.JPG,Apple_scab,train
Apple_scab/image (133)_GridDistortion.JPG,Apple_scab,train
Apple_scab/image (102)_Skew.JPG,Apple_scab,train
Apple_scab/image (313)_GridDistortion.JPG,Apple_scab,train
Apple_scab/image (325)_Flip.JPG,Apple_scab,train
Apple_scab/image (537)_Crop.JPG,Apple_scab,train
Apple_scab/image (403)_GridDistortion.JPG,Apple_scab,train
Apple_scab/image (356)_Rotate.JPG,Apple_scab,train
Apple_scab/image (427)_Flip.JPG,Apple_scab,train
Apple_scab/image (226)_Skew.JPG,Apple_scab,train
Apple_scab/image (590)_ElasticDistortion.JPG,Apple_scab,train
Apple_scab/image (483)_Crop.JPG,Apple_scab,train
Apple_scab/image (509)_Shear.JPG,Apple_scab,train
Apple_scab/image (92)_Rotate.JPG,Apple_scab,train
Apple_scab/image (344)_GridDistortion.JPG,Apple_scab,train
Apple_scab/image (475)_GridDistortion.JPG,Apple_scab,train
Apple_scab/image (26)_Crop.JPG,Apple_scab,train
Apple_scab/image (41)_Crop.JPG,Apple_scab,train
Apple_scab/image (629)_Flip.JPG,Apple_scab,train
Apple_scab/image (250)_Rotate.JPG,Apple_scab,train
Apple_scab/image (4)_Rotate.JPG,Apple_scab,train
Apple_scab/image (289)_GridDistortion.JPG,Apple_scab,train
Apple_scab/image (447)_Rotate.JPG,Apple_scab,train
Apple_scab/image (34)_GridDistortion.JPG,Apple_scab,train
Apple_scab/image (282)_Flip.JPG,Apple_scab,train
Apple_scab/image (95)_Rotate.JPG,Apple_scab,train
Apple_scab/image (264)_Flip.JPG,Apple_scab,train
Apple_scab/image (184)_Shear.JPG,Apple_scab,train
Apple_scab/image (45)_Flip.JPG,Apple_scab,train
Apple_scab/image (455)_Skew.JPG,Apple_scab,train
Apple_scab/image (101)_ElasticDistortion.JPG,Apple_scab,train
Apple_scab/image (525)_Rotate.JPG,Apple_scab,train
Apple_scab/image (419)_Skew.JPG,Apple_scab,train
Apple_scab/image (548)_Skew.JPG,Apple_scab,train
Apple_scab/image (531)_GridDistortion.JPG,Apple_scab,train
Apple_scab/image (228)_Shear.JPG,Apple_scab,train
Apple_scab/image (19)_Crop.JPG,Apple_scab,train
Apple_scab/image (189)_Shear.JPG,Apple_scab,train
Apple_scab/image (571)_ElasticDistortion.JPG,Apple_scab,train
Apple_scab/image (81)_Flip.JPG,Apple_scab,train
Apple_scab/image (135)_ElasticDistortion.JPG,Apple_scab,train
Apple_scab/image (510)_Flip.JPG,Apple_scab,train
Apple_scab/image (428)_Rotate.JPG,Apple_scab,train
Apple_scab/image (413)_Skew.JPG,Apple_scab,train
Apple_scab/image (606)_Shear.JPG,Apple_scab,train
Apple_scab/image (163)_Crop.JPG,Apple_scab,train
Apple_scab/image (265)_Shear.JPG,Apple_scab,train
Apple_scab/image (274)_Rotate.JPG,Apple_scab,train
Apple_scab/image (367)_GridDistortion.JPG,Apple_scab,train
Apple_scab/image (243)_Shear.JPG,Apple_scab,train
Apple_scab/image (425)_Crop.JPG,Apple_scab,train
Apple_scab/image (138)_Crop.JPG,Apple_scab,train
Apple_scab/image (9)_Skew.JPG,Apple_scab,train
Apple_scab/image (519)_Skew.JPG,Apple_scab,train
Apple_scab/image (535)_Rotate.JPG,Apple_scab,train
Apple_scab/image (78)_GridDistortion.JPG,Apple_scab,train
Apple_scab/image (595)_Skew.JPG,Apple_scab,train
Apple_scab/image (100)_ElasticDistortion.JPG,Apple_scab,train
Apple_scab/image (162)_GridDistortion.JPG,Apple_scab,train
Apple_scab/image (492)_ElasticDistortion.JPG,Apple_scab,train
Apple_scab/image (136)_Flip.JPG,Apple_scab,train
Apple_scab/image (596)_Skew.JPG,Apple_scab,train
Apple_scab/image (364)_Flip.JPG,Apple_scab,train
Apple_scab/image (411)_Shear.JPG,Apple_scab,train
Apple_scab/image (536)_Flip.JPG,Apple_scab,train
Apple_scab/image (336)_Rotate.JPG,Apple_scab,train
Apple_scab/image (310)_GridDistortion.JPG,Apple_scab,train
Apple_scab/image (583)_Crop.JPG,Apple_scab,train
Apple_scab/image (381)_GridDistortion.JPG,Apple_scab,train
Apple_scab/image (338)_Rotate.JPG,Apple_scab,train
Apple_scab/image (158)_GridDistortion.JPG,Apple_scab,train
Apple_scab/image (258)_Rotate.JPG,Apple_scab,train
Apple_scab/image (157)_ElasticDistortion.JPG,Apple_scab,train
Apple_scab/image (334)_Rotate.JPG,Apple_scab,train
Apple_scab/image (396)_ElasticDistortion.JPG,Apple_scab,train
Apple_scab/image (478)_Rotate.JPG,Apple_scab,train
Apple_scab/image (369)_Skew.JPG,Apple_scab,train
Apple_scab/image (628)_ElasticDistortion.JPG,Apple_scab,train
Apple_scab/image (384)_Shear.JPG,Apple_scab,train
Apple_scab/image (241)_Crop.JPG,Apple_scab,train
Apple_scab/image (24)_Flip.JPG,Apple_scab,train
Apple_scab/image (330)_GridDistortion.JPG,Apple_scab,train
Apple_scab/image (186)_GridDistortion.JPG,Apple_scab,train
Apple_scab/image (482)_GridDistortion.JPG,Apple_scab,train
Apple_scab/image (528)_ElasticDistortion.JPG,Apple_scab,train
Apple_scab/image (217)_Flip.JPG,Apple_scab,train
Apple_scab/image (589)_Shear.JPG,Apple_scab,train
Apple_scab/image (169)_Rotate.JPG,Apple_scab,train
Apple_scab/image (104)_ElasticDistortion.JPG,Apple_scab,train
Apple_scab/image (2)_Rotate.JPG,Apple_scab,train
Apple_scab/image (153)_Crop.JPG,Apple_scab,train
Apple_scab/image (278)_GridDistortion.JPG,Apple_scab,train
Apple_scab/image (522)_Flip.JPG,Apple_scab,train
Apple_scab/image (516)_Rotate.JPG,Apple_scab,train
Apple_scab/image (538)_Skew.JPG,Apple_scab,train
Apple_scab/image (18)_Crop.JPG,Apple_scab,train
Apple_scab/image (342)_GridDistortion.JPG,Apple_scab,train
Apple_scab/image (33)_Skew.JPG,Apple_scab,train
Apple_scab/image (240)_ElasticDistortion.JPG,Apple_scab,train
Apple_scab/image (39)_ElasticDistortion.JPG,Apple_scab,train
Apple_scab/image (332)_ElasticDistortion.JPG,Apple_scab,train
Apple_scab/image (47)_Skew.JPG,Apple_scab,train
Apple_scab/image (152)_Shear.JPG,Apple_scab,train
Apple_scab/image (361)_Shear.JPG,Apple_scab,train
Apple_scab/image (518)_GridDistortion.JPG,Apple_scab,train
Apple_scab/image (619)_Skew.JPG,Apple_scab,train
Apple_scab/image (520)_Shear.JPG,Apple_scab,train
Apple_scab/image (394)_Skew.JPG,Apple_scab,train
Apple_scab/image (569)_Rotate.JPG,Apple_scab,train
Apple_scab/image (479)_Shear.JPG,Apple_scab,train
Apple_scab/image (457)_Skew.JPG,Apple_scab,train
Apple_scab/image (437)_ElasticDistortion.JPG,Apple_scab,train
Apple_scab/image (53)_Crop.JPG,Apple_scab,train
Apple_scab/image (236)_GridDistortion.JPG,Apple_scab,train
Apple_scab/image (442)_Crop.JPG,Apple_scab,train
Apple_scab/image (293)_Shear.JPG,Apple_scab,train
Apple_scab/image (383)_Crop.JPG,Apple_scab,train
Apple_scab/image (354)_Flip.JPG,Apple_scab,train
Apple_scab/image (328)_Flip.JPG,Apple_scab,train
Apple_scab/image (587)_Crop.JPG,Apple_scab,train
Apple_scab/image (496)_ElasticDistortion.JPG,Apple_scab,train
Apple_scab/image (174)_GridDistortion.JPG,Apple_scab,train
Apple_scab/image (359)_GridDistortion.JPG,Apple_scab,train
Apple_scab/image (248)_Skew.JPG,Apple_scab,train
Apple_scab/image (540)_Crop.JPG,Apple_scab,train
Apple_scab/image (363)_ElasticDistortion.JPG,Apple_scab,train
Apple_scab/image (260)_Crop.JPG,Apple_scab,train
Apple_scab/image (431)_Crop.JPG,Apple_scab,train
Apple_scab/image (534)_Skew.JPG,Apple_scab,train
Apple_scab/image (476)_Skew.JPG,Apple_scab,train
Apple_scab/image (290)_ElasticDistortion.JPG,Apple_scab,train
Apple_scab/image (206)_Flip.JPG,Apple_scab,train
Apple_scab/image (202)_Shear.JPG,Apple_scab,train
Apple_scab/image (83)_Flip.JPG,Apple_scab,train
Apple_scab/image (208)_Skew.JPG,Apple_scab,train
Apple_scab/image (353)_Skew.JPG,Apple_scab,train
Apple_scab/image (58)_ElasticDistortion.JPG,Apple_scab,train
Apple_scab/image (30)_Skew.JPG,Apple_scab,train
Apple_scab/image (407)_GridDistortion.JPG,Apple_scab,train
Apple_scab/image (23)_Skew.JPG,Apple_scab,train
Apple_scab/image (582)_Skew.JPG,Apple_scab,train
Apple_scab/image (185)_ElasticDistortion.JPG,Apple_scab,train
Apple_scab/image (494)_ElasticDistortion.JPG,Apple_scab,train
Apple_scab/image (386)_ElasticDistortion.JPG,Apple_scab,train
Apple_scab/image (8)_Skew.JPG,Apple_scab,train
Apple_scab/image (180)_Rotate.JPG,Apple_scab,train
Apple_scab/image (623)_Rotate.JPG,Apple_scab,train
Apple_scab/image (306)_Crop.JPG,Apple_scab,train
Apple_scab/image (604)_GridDistortion.JPG,Apple_scab,train
Apple_scab/image (5)_Rotate.JPG,Apple_scab,train
Apple_scab/image (42)_Flip.JPG,Apple_scab,train
Apple_scab/image (507)_GridDistortion.JPG,Apple_scab,train
Apple_scab/image (63)_GridDistortion.JPG,Apple_scab,train
Apple_scab/image (280)_GridDistortion.JPG,Apple_scab,train
Apple_scab/image (526)_GridDistortion.JPG,Apple_scab,train
Apple_scab/image (123)_Crop.JPG,Apple_scab,train
Apple_scab/image (550)_Shear.JPG,Apple_scab,train
Apple_scab/image (513)_ElasticDistortion.JPG,Apple_scab,train
Apple_scab/image (501)_Skew.JPG,Apple_scab,train
Apple_scab/image (31)_ElasticDistortion.JPG,Apple_scab,train
Apple_scab/image (387)_Rotate.JPG,Apple_scab,train
Apple_scab/image (96)_ElasticDistortion.JPG,Apple_scab,train
Apple_scab/image (566)_Flip.JPG,Apple_scab,train
Apple_scab/image (261)_ElasticDistortion.JPG,Apple_scab,train
Apple_scab/image (209)_Shear.JPG,Apple_scab,train
Apple_scab/image (440)_Skew.JPG,Apple_scab,train
Apple_scab/image (125)_Skew.JPG,Apple_scab,train
Apple_scab/image (165)_Shear.JPG,Apple_scab,train
Apple_scab/image (601)_Shear.JPG,Apple_scab,train
Apple_scab/image (389)_Shear.JPG,Apple_scab,train
Apple_scab/image (388)_ElasticDistortion.JPG,Apple_scab,train
Apple_scab/image (171)_Flip.JPG,Apple_scab,train
Apple_scab/image (502)_Crop.JPG,Apple_scab,train
Apple_scab/image (257)_ElasticDistortion.JPG,Apple_scab,train
Apple_scab/image (3)_Crop.JPG,Apple_scab,train
Apple_scab/image (212)_GridDistortion.JPG,Apple_scab,train
Apple_scab/image (613)_Rotate.JPG,Apple_scab,train
Apple_scab/image (609)_Skew.JPG,Apple_scab,train
Apple_scab/image (190)_ElasticDistortion.JPG,Apple_scab,train
Apple_scab/image (350)_ElasticDistortion.JPG,Apple_scab,train
Apple_scab/image (500)_Rotate.JPG,Apple_scab,train
Apple_scab/image (142)_ElasticDistortion.JPG,Apple_scab,train
Apple_scab/image (220)_Crop.JPG,Apple_scab,train
Apple_scab/image (84)_ElasticDistortion.JPG,Apple_scab,train
Apple_scab/image (360)_GridDistortion.JPG,Apple_scab,train
Apple_scab/image (76)_Shear.JPG,Apple_scab,train
Apple_scab/image (79)_ElasticDistortion.JPG,Apple_scab,train
Apple_scab/image (108)_Skew.JPG,Apple_scab,train
Apple_scab/image (524)_Crop.JPG,Apple_scab,train
Apple_scab/image (484)_Skew.JPG,Apple_scab,train
Apple_scab/image (86)_GridDistortion.JPG,Apple_scab,train
Apple_scab/image (270)_Rotate.JPG,Apple_scab,train
Apple_scab/image (588)_GridDistortion.JPG,Apple_scab,train
Apple_scab/image (124)_ElasticDistortion.JPG,Apple_scab,train
Apple_scab/image (547)_Crop.JPG,Apple_scab,train
Apple_scab/image (449)_Rotate.JPG,Apple_scab,train
Apple_scab/image (493)_Skew.JPG,Apple_scab,train
Apple_scab/image (340)_Flip.JPG,Apple_scab,train
Apple_scab/image (620)_Shear.JPG,Apple_scab,train
Apple_scab/image (97)_Rotate.JPG,Apple_scab,train
Apple_scab/image (194)_ElasticDistortion.JPG,Apple_scab,train
Apple_scab/image (555)_Skew.JPG,Apple_scab,train
Apple_scab/image (127)_ElasticDistortion.JPG,Apple_scab,train
Apple_scab/image (436)_GridDistortion.JPG,Apple_scab,train
Apple_scab/image (557)_Crop.JPG,Apple_scab,train
Apple_scab/image (379)_GridDistortion.JPG,Apple_scab,train
Apple_scab/image (59)_Rotate.JPG,Apple_scab,train
Apple_scab/image (109)_ElasticDistortion.JPG,Apple_scab,train
Apple_scab/image (337)_Skew.JPG,Apple_scab,train
Apple_scab/image (326)_ElasticDistortion.JPG,Apple_scab,train
Apple_scab/image (12)_Flip.JPG,Apple_scab,train
Apple_scab/image (224)_Rotate.JPG,Apple_scab,train
Apple_scab/image (143)_Skew.JPG,Apple_scab,train
Apple_scab/image (161)_Rotate.JPG,Apple_scab,train
Apple_scab/image (295)_ElasticDistortion.JPG,Apple_scab,train
Apple_scab/image (315)_GridDistortion.JPG,Apple_scab,train
Apple_scab/image (287)_Skew.JPG,Apple_scab,train
Apple_scab/image (262)_Shear.JPG,Apple_scab,train
Apple_scab/image (573)_GridDistortion.JPG,Apple_scab,train
Apple_scab/image (511)_Skew.JPG,Apple_scab,train
Apple_scab/image (234)_Skew.JPG,Apple_scab,train
Apple_scab/image (333)_Skew.JPG,Apple_scab,train
Apple_scab/image (568)_Crop.JPG,Apple_scab,train
Apple_scab/image (355)_Skew.JPG,Apple_scab,train
Apple_scab/image (252)_Shear.JPG,Apple_scab,train
Apple_scab/image (371)_GridDistortion.JPG,Apple_scab,train
Apple_scab/image (456)_Flip.JPG,Apple_scab,train
Apple_scab/image (345)_Shear.JPG,Apple_scab,train
Apple_scab/image (486)_Flip.JPG,Apple_scab,train
Apple_scab/image (213)_GridDistortion.JPG,Apple_scab,train
Apple_scab/image (346)_ElasticDistortion.JPG,Apple_scab,train
Apple_scab/image (144)_Crop.JPG,Apple_scab,train
Apple_scab/image (216)_Crop.JPG,Apple_scab,train
Apple_scab/image (309)_Crop.JPG,Apple_scab,train
Apple_scab/image (443)_Flip.JPG,Apple_scab,train
Apple_scab/image (207)_Shear.JPG,Apple_scab,train
Apple_scab/image (114)_Rotate.JPG,Apple_scab,train
Apple_scab/image (99)_Crop.JPG,Apple_scab,train
Apple_scab/image (305)_Flip.JPG,Apple_scab,train
Apple_scab/image (128)_GridDistortion.JPG,Apple_scab,train
Apple_scab/image (323)_ElasticDistortion.JPG,Apple_scab,train
Apple_scab/image (40)_Shear.JPG,Apple_scab,train
Apple_scab/image (404)_Crop.JPG,Apple_scab,train
Apple_scab/image (543)_Skew.JPG,Apple_scab,train
Apple_scab/image (66)_Shear.JPG,Apple_scab,train
Apple_scab/image (168)_Flip.JPG,Apple_scab,train
Apple_scab/image (390)_GridDistortion.JPG,Apple_scab,train
Apple_scab/image (91)_GridDistortion.JPG,Apple_scab,train
Apple_scab/image (105)_Rotate.JPG,Apple_scab,train
Apple_scab/image (545)_Rotate.JPG,Apple_scab,train
Apple_scab/image (291)_Rotate.JPG,Apple_scab,train
Apple_scab/image (148)_Skew.JPG,Apple_scab,train
Apple_scab/image (192)_Shear.JPG,Apple_scab,train
Apple_scab/image (82)_Crop.JPG,Apple_scab,train
Apple_scab/image (298)_Shear.JPG,Apple_scab,train
Apple_scab/image (472)_Rotate.JPG,Apple_scab,train
Apple_scab/image (141)_Skew.JPG,Apple_scab,train
Apple_scab/image (542)_GridDistortion.JPG,Apple_scab,train
Apple_scab/image (594)_ElasticDistortion.JPG,Apple_scab,train
Apple_scab/image (608)_Rotate.JPG,Apple_scab,train
Apple_scab/image (156)_GridDistortion.JPG,Apple_scab,train
Apple_scab/image (600)_Flip.JPG,Apple_scab,train
Apple_scab/image (62)_Shear.JPG,Apple_scab,train
Apple_scab/image (201)_Skew.JPG,Apple_scab,train
Apple_scab/image (118)_ElasticDistortion.JPG,Apple_scab,train
Apple_scab/image (321)_Rotate.JPG,Apple_scab,train
Apple_scab/image (439)_Skew.JPG,Apple_scab,train
Apple_scab/image (434)_ElasticDistortion.JPG,Apple_scab,train
Apple_scab/image (576)_Flip.JPG,Apple_scab,train
Apple_scab/image (267)_Flip.JPG,Apple_scab,train
Apple_scab/image (93)_Shear.JPG,Apple_scab,train
Apple_scab/image (314)_Skew.JPG,Apple_scab,train
Apple_scab/image (408)_Rotate.JPG,Apple_scab,train
Apple_scab/image (223)_GridDistortion.JPG,Apple_scab,train
Apple_scab/image (68)_GridDistortion.JPG,Apple_scab,train
Apple_scab/image (451)_Rotate.JPG,Apple_scab,train
Apple_scab/image (470)_Crop.JPG,Apple_scab,train
Apple_scab/image (370)_GridDistortion.JPG,Apple_scab,train
Apple_scab/image (343)_Rotate.JPG,Apple_scab,train
Apple_scab/image (88)_Shear.JPG,Apple_scab,train
Apple_scab/image (175)_GridDistortion.JPG,Apple_scab,train
Apple_scab/image (471)_GridDistortion.JPG,Apple_scab,train
Apple_scab/image (272)_GridDistortion.JPG,Apple_scab,train
Apple_scab/image (292)_Flip.JPG,Apple_scab,train
Apple_scab/image (487)_Rotate.JPG,Apple_scab,train
Apple_scab/image (561)_Crop.JPG,Apple_scab,train
Apple_scab/image (312)_Shear.JPG,Apple_scab,train
Apple_scab/image (14)_ElasticDistortion.JPG,Apple_scab,train
Apple_scab/image (308)_Shear.JPG,Apple_scab,train
Apple_scab/image (441)_Shear.JPG,Apple_scab,train
Apple_scab/image (160)_Shear.JPG,Apple_scab,train
Apple_scab/image (460)_Shear.JPG,Apple_scab,train
Apple_scab/image (74)_Shear.JPG,Apple_scab,train
Apple_scab/image (585)_Flip.JPG,Apple_scab,train
Apple_scab/image (131)_Flip.JPG,Apple_scab,train
Apple_scab/image (286)_Crop.JPG,Apple_scab,train
Apple_scab/image (64)_Rotate.JPG,Apple_scab,train
Apple_scab/image (294)_ElasticDistortion.JPG,Apple_scab,train
Apple_scab/image (599)_Skew.JPG,Apple_scab,train
Apple_scab/image (211)_Flip.JPG,Apple_scab,train
Apple_scab/image (597)_Skew.JPG,Apple_scab,train
Apple_scab/image (10)_GridDistortion.JPG,Apple_scab,train
Apple_scab/image (365)_GridDistortion.JPG,Apple_scab,train
Apple_scab/image (523)_Crop.JPG,Apple_scab,train
Apple_scab/image (111)_Rotate.JPG,Apple_scab,train
Apple_scab/image (480)_Flip.JPG,Apple_scab,train
Apple_scab/image (80)_ElasticDistortion.JPG,Apple_scab,train
Apple_scab/image (49)_Flip.JPG,Apple_scab,train
Apple_scab/image (481)_ElasticDistortion.JPG,Apple_scab,train
Apple_scab/image (73)_ElasticDistortion.JPG,Apple_scab,train
Apple_scab/image (120)_Rotate.JPG,Apple_scab,train
Apple_scab/image (373)_Rotate.JPG,Apple_scab,train
Apple_scab/image (626)_ElasticDistortion.JPG,Apple_scab,train
Apple_scab/image (277)_Skew.JPG,Apple_scab,train
Apple_scab/image (400)_Skew.JPG,Apple_scab,train
Apple_scab/image (374)_Rotate.JPG,Apple_scab,train
Apple_scab/image (205)_Flip.JPG,Apple_scab,train
Apple_scab/image (463)_Shear.JPG,Apple_scab,train
Apple_scab/image (179)_Crop.JPG,Apple_scab,train
Apple_scab/image (414)_Crop.JPG,Apple_scab,train
Apple_scab/image (418)_Skew.JPG,Apple_scab,train
Apple_scab/image (300)_Rotate.JPG,Apple_scab,train
Apple_scab/image (116)_Flip.JPG,Apple_scab,train
Apple_scab/image (432)_GridDistortion.JPG,Apple_scab,train
Apple_scab/image (491)_Flip.JPG,Apple_scab,train
Apple_scab/image (283)_Skew.JPG,Apple_scab,train
Apple_scab/image (433)_Skew.JPG,Apple_scab,train
Apple_scab/image (232)_Shear.JPG,Apple_scab,train
Apple_scab/image (199)_ElasticDistortion.JPG,Apple_scab,train
Apple_scab/image (607)_Crop.JPG,Apple_scab,train
Apple_scab/image (551)_Crop.JPG,Apple_scab,train
Apple_scab/image (70)_Crop.JPG,Apple_scab,train
Apple_scab/image (423)_Skew.JPG,Apple_scab,train
Apple_scab/image (497)_Shear.JPG,Apple_scab,train
Apple_scab/image (13)_ElasticDistortion.JPG,Apple_scab,train
Apple_scab/image (397)_Rotate.JPG,Apple_scab,train
Apple_scab/image (25)_Skew.JPG,Apple_scab,train
Apple_scab/image (235)_Shear.JPG,Apple_scab,train
Apple_scab/image (473)_Skew.JPG,Apple_scab,train
Apple_scab/image (238)_GridDistortion.JPG,Apple_scab,train
Apple_scab/image (154)_Rotate.JPG,Apple_scab,train
Apple_scab/image (188)_Rotate.JPG,Apple_scab,train
Apple_scab/image (229)_GridDistortion.JPG,Apple_scab,train
Apple_scab/image (43)_Shear.JPG,Apple_scab,train
Apple_scab/image (515)_Flip.JPG,Apple_scab,train
Apple_scab/image (395)_Rotate.JPG,Apple_scab,train
Apple_scab/image (362)_Rotate.JPG,Apple_scab,train
Apple_scab/image (130)_ElasticDistortion.JPG,Apple_scab,train
Apple_scab/image (529)_Rotate.JPG,Apple_scab,train
Apple_scab/image (56)_Rotate.JPG,Apple_scab,train
Apple_scab/image (221)_ElasticDistortion.JPG,Apple_scab,train
Apple_scab/image (435)_Flip.JPG,Apple_scab,train
Apple_scab/image (284)_Crop.JPG,Apple_scab,train
Apple_scab/image (115)_Crop.JPG,Apple_scab,train
Apple_scab/image (200)_Rotate.JPG,Apple_scab,train
Apple_scab/image (251)_Flip.JPG,Apple_scab,train
Apple_scab/image (32)_Skew.JPG,Apple_scab,train
Apple_scab/image (285)_ElasticDistortion.JPG,Apple_scab,train
Apple_scab/image (38)_ElasticDistortion.JPG,Apple_scab,train
Apple_scab/image (416)_GridDistortion.JPG,Apple_scab,train
Apple_scab/image (296)_Flip.JPG,Apple_scab,train
Apple_scab/image (37)_Shear.JPG,Apple_scab,train
Apple_scab/image (52)_ElasticDistortion.JPG,Apple_scab,train
Apple_scab/image (533)_Skew.JPG,Apple_scab,train
Apple_scab/image (98)_GridDistortion.JPG,Apple_scab,train
Apple_scab/image (506)_Crop.JPG,Apple_scab,train
Apple_scab/image (559)_Crop.JPG,Apple_scab,train
Apple_scab/image (110)_Flip.JPG,Apple_scab,train
Apple_scab/image (402)_Crop.JPG,Apple_scab,train
Apple_scab/image (77)_Flip.JPG,Apple_scab,train
Apple_scab/image (615)_ElasticDistortion.JPG,Apple_scab,train
Apple_scab/image (392)_Flip.JPG,Apple_scab,train
Apple_scab/image (465)_ElasticDistortion.JPG,Apple_scab,train
Apple_scab/image (210)_GridDistortion.JPG,Apple_scab,train
Apple_scab/image (335)_Flip.JPG,Apple_scab,train
Apple_scab/image (177)_Flip.JPG,Apple_scab,train
Apple_scab/image (317)_ElasticDistortion.JPG,Apple_scab,train
Apple_scab/image (546)_Flip.JPG,Apple_scab,train
Apple_scab/image (147)_Shear.JPG,Apple_scab,train
Apple_scab/image (603)_Shear.JPG,Apple_scab,train
Apple_scab/image (366)_Shear.JPG,Apple_scab,train
Apple_scab/image (616)_Flip.JPG,Apple_scab,train
Apple_scab/image (331)_Crop.JPG,Apple_scab,train
Apple_scab/image (378)_Skew.JPG,Apple_scab,train
Apple_scab/image (27)_Shear.JPG,Apple_scab,train
Apple_scab/image (469)_ElasticDistortion.JPG,Apple_scab,train
Apple_scab/image (237)_Rotate.JPG,Apple_scab,train
Apple_scab/image (445)_Rotate.JPG,Apple_scab,train
Apple_scab/image (448)_ElasticDistortion.JPG,Apple_scab,train
Apple_scab/image (444)_ElasticDistortion.JPG,Apple_scab,train
Apple_scab/image (119)_ElasticDistortion.JPG,Apple_scab,train
Apple_scab/image (183)_Flip.JPG,Apple_scab,train
Apple_scab/image (348)_Skew.JPG,Apple_scab,train
Apple_scab/image (259)_Shear.JPG,Apple_scab,train
Apple_scab/image (254)_ElasticDistortion.JPG,Apple_scab,train
Apple_scab/image (204)_Flip.JPG,Apple_scab,train
Apple_scab/image (219)_ElasticDistortion.JPG,Apple_scab,train
Apple_scab/image (301)_Crop.JPG,Apple_scab,train
Apple_scab/image (195)_Skew.JPG,Apple_scab,train
Apple_scab/image (339)_Crop.JPG,Apple_scab,train
Apple_scab/image (488)_Crop.JPG,Apple_scab,train
Apple_scab/image (316)_ElasticDistortion.JPG,Apple_scab,train
Apple_scab/image (624)_Rotate.JPG,Apple_scab,train
Apple_scab/image (377)_Shear.JPG,Apple_scab,train
Apple_scab/image (67)_GridDistortion.JPG,Apple_scab,train
Apple_scab/image (512)_Flip.JPG,Apple_scab,train
Apple_scab/image (341)_Crop.JPG,Apple_scab,train
Apple_scab/image (421)_ElasticDistortion.JPG,Apple_scab,train
Apple_scab/image (193)_Crop.JPG,Apple_scab,train
Apple_scab/image (65)_Flip.JPG,Apple_scab,train
Apple_scab/image (611)_Skew.JPG,Apple_scab,train
Apple_scab/image (122)_Flip.JPG,Apple_scab,train
Apple_scab/image (605)_GridDistortion.JPG,Apple_scab,train
Apple_scab/image (29)_Flip.JPG,Apple_scab,train
Apple_scab/image (602)_Shear.JPG,Apple_scab,train
Apple_scab/image (150)_Rotate.JPG,Apple_scab,train
Apple_scab/image (17)_Crop.JPG,Apple_scab,train
Apple_scab/image (565)_Rotate.JPG,Apple_scab,train
Apple_scab/image (347)_GridDistortion.JPG,Apple_scab,train
Apple_scab/image (621)_Skew.JPG,Apple_scab,train
Apple_scab/image (598)_GridDistortion.JPG,Apple_scab,train
Apple_scab/image (134)_Crop.JPG,Apple_scab,train
Apple_scab/image (113)_Rotate.JPG,Apple_scab,train
Apple_scab/image (140)_Skew.JPG,Apple_scab,train
Apple_scab/image (567)_ElasticDistortion.JPG,Apple_scab,train
Apple_scab/image (246)_Shear.JPG,Apple_scab,train
Apple_scab/image (430)_Skew.JPG,Apple_scab,train
Apple_scab/image (429)_Rotate.JPG,Apple_scab,train
Apple_scab/image (145)_Flip.JPG,Apple_scab,train
Apple_scab/image (468)_Crop.JPG,Apple_scab,train
Apple_scab/image (453)_Shear.JPG,Apple_scab,train
Apple_scab/image (85)_Rotate.JPG,Apple_scab,train
Apple_scab/image (311)_ElasticDistortion.JPG,Apple_scab,train
Apple_scab/image (327)_Shear.JPG,Apple_scab,train
Apple_scab/image (572)_Skew.JPG,Apple_scab,train
Apple_scab/image (21)_Rotate.JPG,Apple_scab,train
Apple_scab/image (170)_Flip.JPG,Apple_scab,train
Apple_scab/image (222)_Flip.JPG,Apple_scab,train
Apple_scab/image (544)_ElasticDistortion.JPG,Apple_scab,train
Apple_scab/image (579)_Flip.JPG,Apple_scab,train
Apple_scab/image (132)_Flip.JPG,Apple_scab,train
Apple_scab/image (106)_GridDistortion.JPG,Apple_scab,train
Apple_scab/image (167)_Crop.JPG,Apple_scab,train
Apple_scab/image (178)_ElasticDistortion.JPG,Apple_scab,train
Apple_scab/image (553)_Shear.JPG,Apple_scab,train
Apple_scab/image (560)_Rotate.JPG,Apple_scab,train
Apple_scab/image (155)_Flip.JPG,Apple_scab,train
Apple_scab/image (357)_GridDistortion.JPG,Apple_scab,train
Apple_scab/image (151)_Crop.JPG,Apple_scab,train
Apple_scab/image (7)_Flip.JPG,Apple_scab,train
Apple_scab/image (405)_ElasticDistortion.JPG,Apple_scab,train
Apple_scab/image (527)_ElasticDistortion.JPG,Apple_scab,train
Apple_scab/image (409)_Flip.JPG,Apple_scab,train
Apple_scab/image (94)_Skew.JPG,Apple_scab,train
Apple_scab/image (592)_ElasticDistortion.JPG,Apple_scab,train
Apple_scab/image (329)_Rotate.JPG,Apple_scab,train
Apple_scab/image (117)_Shear.JPG,Apple_scab,train
Apple_scab/image (197)_Skew.JPG,Apple_scab,train
Apple_scab/image (570)_Skew.JPG,Apple_scab,train
Apple_scab/image (247)_Shear.JPG,Apple_scab,train
Apple_scab/image (271)_Flip.JPG,Apple_scab,train
Apple_scab/image (485)_Flip.JPG,Apple_scab,train
Apple_scab/image (126)_GridDistortion.JPG,Apple_scab,train
Apple_scab/image (385)_Rotate.JPG,Apple_scab,train
Apple_scab/image (324)_GridDistortion.JPG,Apple_scab,train
Apple_scab/image (302)_Flip.JPG,Apple_scab,train
Apple_scab/image (239)_GridDistortion.JPG,Apple_scab,train
Apple_scab/image (505)_Skew.JPG,Apple_scab,train
Apple_scab/image (89)_Skew.JPG,Apple_scab,train
Apple_scab/image (181)_GridDistortion.JPG,Apple_scab,train
Apple_scab/image (288)_ElasticDistortion.JPG,Apple_scab,train
Apple_scab/image (593)_Skew.JPG,Apple_scab,train
Apple_scab/image (581)_Shear.JPG,Apple_scab,train
Apple_scab/image (22)_ElasticDistortion.JPG,Apple_scab,train
Apple_scab/image (121)_Flip.JPG,Apple_scab,train
Apple_scab/image (438)_Flip.JPG,Apple_scab,train
Apple_scab/image (495)_GridDistortion.JPG,Apple_scab,train
Apple_scab/image (50)_GridDistortion.JPG,Apple_scab,train
Apple_scab/image (575)_Flip.JPG,Apple_scab,train
Apple_scab/image (273)_Flip.JPG,Apple_scab,train
Apple_scab/image (490)_GridDistortion.JPG,Apple_scab,train
Apple_scab/image (563)_Rotate.JPG,Apple_scab,train
Apple_scab/image (187)_ElasticDistortion.JPG,Apple_scab,train
Apple_scab/image (15)_ElasticDistortion.JPG,Apple_scab,train
Apple_scab/image (166)_Rotate.JPG,Apple_scab,train
Apple_scab/image (591)_Skew.JPG,Apple_scab,train
Apple_scab/image (249)_Skew.JPG,Apple_scab,train
Apple_scab/image (358)_Shear.JPG,Apple_scab,train
Apple_scab/image (275)_Crop.JPG,Apple_scab,train
Apple_scab/image (352)_Skew.JPG,Apple_scab,train
Apple_scab/image (214)_ElasticDistortion.JPG,Apple_scab,train
Apple_scab/image (54)_Flip.JPG,Apple_scab,train
Apple_scab/image (90)_Skew.JPG,Apple_scab,train
Apple_scab/image (304)_GridDistortion.JPG,Apple_scab,train
Apple_scab/image (398)_Skew.JPG,Apple_scab,train
Apple_scab/image (179)_Rotate.JPG,Apple_scab,train
Apple_scab/image (429)_Crop.JPG,Apple_scab,train
Apple_scab/image (449)_GridDistortion.JPG,Apple_scab,train
Apple_scab/image (423)_ElasticDistortion.JPG,Apple_scab,train
Apple_scab/image (34)_Rotate.JPG,Apple_scab,train
Apple_scab/image (551)_Rotate.JPG,Apple_scab,train
Apple_scab/image (592)_Rotate.JPG,Apple_scab,train
Apple_scab/image (483)_Rotate.JPG,Apple_scab,train
Apple_scab/image (488)_ElasticDistortion.JPG,Apple_scab,train
Apple_scab/image (533)_Shear.JPG,Apple_scab,train
Apple_scab/image (309)_Rotate.JPG,Apple_scab,train
Apple_scab/image (228)_Flip.JPG,Apple_scab,train
Apple_scab/image (536)_Skew.JPG,Apple_scab,train
Apple_scab/image (360)_ElasticDistortion.JPG,Apple_scab,train
Apple_scab/image (284)_ElasticDistortion.JPG,Apple_scab,train
Apple_scab/image (567)_Flip.JPG,Apple_scab,train
Apple_scab/image (507)_Crop.JPG,Apple_scab,train
Apple_scab/image (455)_Crop.JPG,Apple_scab,train
Apple_scab/image (565)_GridDistortion.JPG,Apple_scab,train
Apple_scab/image (359)_Crop.JPG,Apple_scab,train
Apple_scab/image (414)_Flip.JPG,Apple_scab,train
Apple_scab/image (221)_Skew.JPG,Apple_scab,train
Apple_scab/image (40)_GridDistortion.JPG,Apple_scab,train
Apple_scab/image (260)_Flip.JPG,Apple_scab,train
Apple_scab/image (493)_Shear.JPG,Apple_scab,train
Apple_scab/image (89)_Flip.JPG,Apple_scab,train
Apple_scab/image (302)_Skew.JPG,Apple_scab,train
Apple_scab/image (428)_GridDistortion.JPG,Apple_scab,train
Apple_scab/image (4)_ElasticDistortion.JPG,Apple_scab,train
Apple_scab/image (546)_Crop.JPG,Apple_scab,train
Apple_scab/image (402)_Skew.JPG,Apple_scab,train
Apple_scab/image (77)_Shear.JPG,Apple_scab,train
Apple_scab/image (136)_Skew.JPG,Apple_scab,train
Apple_scab/image (329)_GridDistortion.JPG,Apple_scab,train
Apple_scab/image (86)_ElasticDistortion.JPG,Apple_scab,train
Apple_scab/image (27)_Rotate.JPG,Apple_scab,train
Apple_scab/image (97)_Flip.JPG,Apple_scab,train
Apple_scab/image (534)_Shear.JPG,Apple_scab,train
Apple_scab/image (320)_ElasticDistortion.JPG,Apple_scab,train
Apple_scab/image (576)_Rotate.JPG,Apple_scab,train
Apple_scab/image (24)_Skew.JPG,Apple_scab,train
Apple_scab/image (204)_Shear.JPG,Apple_scab,train
Apple_scab/image (398)_Crop.JPG,Apple_scab,train
Apple_scab/image (400)_Crop.JPG,Apple_scab,train
Apple_scab/image (291)_Shear.JPG,Apple_scab,train
Apple_scab/image (238)_Crop.JPG,Apple_scab,train
Apple_scab/image (135)_GridDistortion.JPG,Apple_scab,train
Apple_scab/image (108)_Shear.JPG,Apple_scab,train
Apple_scab/image (145)_GridDistortion.JPG,Apple_scab,train
Apple_scab/image (25)_ElasticDistortion.JPG,Apple_scab,train
Apple_scab/image (538)_Rotate.JPG,Apple_scab,train
Apple_scab/image (121)_ElasticDistortion.JPG,Apple_scab,train
Apple_scab/image (501)_ElasticDistortion.JPG,Apple_scab,train
Apple_scab/image (626)_Skew.JPG,Apple_scab,train
Apple_scab/image (343)_Shear.JPG,Apple_scab,train
Apple_scab/image (490)_Shear.JPG,Apple_scab,train
Apple_scab/image (99)_Rotate.JPG,Apple_scab,train
Apple_scab/image (274)_Flip.JPG,Apple_scab,train
Apple_scab/image (118)_Skew.JPG,Apple_scab,train
Apple_scab/image (509)_Rotate.JPG,Apple_scab,train
Apple_scab/image (452)_Rotate.JPG,Apple_scab,train
Apple_scab/image (83)_GridDistortion.JPG,Apple_scab,train
Apple_scab/image (502)_GridDistortion.JPG,Apple_scab,train
Apple_scab/image (387)_GridDistortion.JPG,Apple_scab,train
Apple_scab/image (217)_Crop.JPG,Apple_scab,train
Apple_scab/image (123)_Skew.JPG,Apple_scab,train
Apple_scab/image (384)_Skew.JPG,Apple_scab,train
Apple_scab/image (392)_Skew.JPG,Apple_scab,train
Apple_scab/image (113)_GridDistortion.JPG,Apple_scab,train
Apple_scab/image (104)_GridDistortion.JPG,Apple_scab,train
Apple_scab/image (144)_Skew.JPG,Apple_scab,train
Apple_scab/image (570)_Crop.JPG,Apple_scab,train
Apple_scab/image (212)_Shear.JPG,Apple_scab,train
Apple_scab/image (66)_Crop.JPG,Apple_scab,train
Apple_scab/image (522)_Shear.JPG,Apple_scab,train
Apple_scab/image (340)_Shear.JPG,Apple_scab,train
Apple_scab/image (193)_Shear.JPG,Apple_scab,train
Apple_scab/image (26)_ElasticDistortion.JPG,Apple_scab,train
Apple_scab/image (494)_Flip.JPG,Apple_scab,train
Apple_scab/image (249)_Rotate.JPG,Apple_scab,train
Apple_scab/image (379)_ElasticDistortion.JPG,Apple_scab,train
Apple_scab/image (31)_Crop.JPG,Apple_scab,train
Apple_scab/image (598)_Flip.JPG,Apple_scab,train
Apple_scab/image (358)_Skew.JPG,Apple_scab,train
Apple_scab/image (52)_Rotate.JPG,Apple_scab,train
Apple_scab/image (79)_Crop.JPG,Apple_scab,train
Apple_scab/image (234)_Rotate.JPG,Apple_scab,train
Apple_scab/image (555)_Shear.JPG,Apple_scab,train
Apple_scab/image (122)_GridDistortion.JPG,Apple_scab,train
Apple_scab/image (510)_GridDistortion.JPG,Apple_scab,train
Apple_scab/image (526)_Flip.JPG,Apple_scab,train
Apple_scab/image (606)_GridDistortion.JPG,Apple_scab,train
Apple_scab/image (624)_Flip.JPG,Apple_scab,train
Apple_scab/image (434)_Flip.JPG,Apple_scab,train
Apple_scab/image (19)_ElasticDistortion.JPG,Apple_scab,train
Apple_scab/image (573)_ElasticDistortion.JPG,Apple_scab,train
Apple_scab/image (225)_Flip.JPG,Apple_scab,train
Apple_scab/image (167)_ElasticDistortion.JPG,Apple_scab,train
Apple_scab/image (236)_Crop.JPG,Apple_scab,train
Apple_scab/image (457)_Crop.JPG,Apple_scab,train
Apple_scab/image (287)_ElasticDistortion.JPG,Apple_scab,train
Apple_scab/image (262)_Rotate.JPG,Apple_scab,train
Apple_scab/image (207)_Flip.JPG,Apple_scab,train
Apple_scab/image (611)_ElasticDistortion.JPG,Apple_scab,train
Apple_scab/image (339)_Skew.JPG,Apple_scab,train
Apple_scab/image (138)_ElasticDistortion.JPG,Apple_scab,train
Apple_scab/image (246)_ElasticDistortion.JPG,Apple_scab,train
Apple_scab/image (175)_Shear.JPG,Apple_scab,train
Apple_scab/image (603)_GridDistortion.JPG,Apple_scab,train
Apple_scab/image (487)_Skew.JPG,Apple_scab,train
Apple_scab/image (621)_Shear.JPG,Apple_scab,train
Apple_scab/image (21)_Crop.JPG,Apple_scab,train
Apple_scab/image (92)_Skew.JPG,Apple_scab,train
Apple_scab/image (289)_Crop.JPG,Apple_scab,train
Apple_scab/image (531)_ElasticDistortion.JPG,Apple_scab,train
Apple_scab/image (194)_Skew.JPG,Apple_scab,train
Apple_scab/image (561)_Rotate.JPG,Apple_scab,train
Apple_scab/image (132)_Crop.JPG,Apple_scab,train
Apple_scab/image (186)_Crop.JPG,Apple_scab,train
Apple_scab/image (226)_ElasticDistortion.JPG,Apple_scab,train
Apple_scab/image (185)_Flip.JPG,Apple_scab,train
Apple_scab/image (278)_Shear.JPG,Apple_scab,train
Apple_scab/image (441)_Skew.JPG,Apple_scab,train
Apple_scab/image (364)_ElasticDistortion.JPG,Apple_scab,train
Apple_scab/image (568)_Flip.JPG,Apple_scab,train
Apple_scab/image (403)_ElasticDistortion.JPG,Apple_scab,train
Apple_scab/image (82)_Rotate.JPG,Apple_scab,train
Apple_scab/image (130)_Crop.JPG,Apple_scab,train
Apple_scab/image (436)_ElasticDistortion.JPG,Apple_scab,train
Apple_scab/image (232)_Rotate.JPG,Apple_scab,train
Apple_scab/image (585)_ElasticDistortion.JPG,Apple_scab,train
Apple_scab/image (305)_Skew.JPG,Apple_scab,train
Apple_scab/image (63)_Shear.JPG,Apple_scab,train
Apple_scab/image (288)_Rotate.JPG,Apple_scab,train
Apple_scab/image (42)_Skew.JPG,Apple_scab,train
Apple_scab/image (440)_ElasticDistortion.JPG,Apple_scab,train
Apple_scab/image (397)_ElasticDistortion.JPG,Apple_scab,train
Apple_scab/image (197)_GridDistortion.JPG,Apple_scab,train
Apple_scab/image (445)_Skew.JPG,Apple_scab,train
Apple_scab/image (211)_GridDistortion.JPG,Apple_scab,train
Apple_scab/image (250)_GridDistortion.JPG,Apple_scab,train
Apple_scab/image (324)_Shear.JPG,Apple_scab,train
Apple_scab/image (54)_Shear.JPG,Apple_scab,train
Apple_scab/image (535)_Flip.JPG,Apple_scab,train
Apple_scab/image (240)_Rotate.JPG,Apple_scab,train
Apple_scab/image (119)_Shear.JPG,Apple_scab,train
Apple_scab/image (602)_Rotate.JPG,Apple_scab,train
Apple_scab/image (30)_Flip.JPG,Apple_scab,train
Apple_scab/image (160)_Skew.JPG,Apple_scab,train
Apple_scab/image (248)_Shear.JPG,Apple_scab,train
Apple_scab/image (76)_Rotate.JPG,Apple_scab,train
Apple_scab/image (518)_Flip.JPG,Apple_scab,train
Apple_scab/image (357)_ElasticDistortion.JPG,Apple_scab,train
Apple_scab/image (505)_Rotate.JPG,Apple_scab,train
Apple_scab/image (386)_Crop.JPG,Apple_scab,train
Apple_scab/image (237)_Shear.JPG,Apple_scab,train
Apple_scab/image (184)_Crop.JPG,Apple_scab,train
Apple_scab/image (338)_Crop.JPG,Apple_scab,train
Apple_scab/image (270)_Crop.JPG,Apple_scab,train
Apple_scab/image (189)_Flip.JPG,Apple_scab,train
Apple_scab/image (418)_Flip.JPG,Apple_scab,train
Apple_scab/image (70)_GridDistortion.JPG,Apple_scab,train
Apple_scab/image (141)_Shear.JPG,Apple_scab,train
Apple_scab/image (229)_Flip.JPG,Apple_scab,train
Apple_scab/image (85)_GridDistortion.JPG,Apple_scab,train
Apple_scab/image (59)_ElasticDistortion.JPG,Apple_scab,train
Apple_scab/image (593)_GridDistortion.JPG,Apple_scab,train
Apple_scab/image (579)_Shear.JPG,Apple_scab,train
Apple_scab/image (371)_ElasticDistortion.JPG,Apple_scab,train
Apple_scab/image (134)_Skew.JPG,Apple_scab,train
Apple_scab/image (435)_ElasticDistortion.JPG,Apple_scab,train
Apple_scab/image (544)_Crop.JPG,Apple_scab,train
Apple_scab/image (468)_ElasticDistortion.JPG,Apple_scab,train
Apple_scab/image (219)_Rotate.JPG,Apple_scab,train
Apple_scab/image (111)_Crop.JPG,Apple_scab,train
Apple_scab/image (571)_GridDistortion.JPG,Apple_scab,train
Apple_scab/image (78)_Shear.JPG,Apple_scab,train
Apple_scab/image (243)_Skew.JPG,Apple_scab,train
Apple_scab/image (147)_ElasticDistortion.JPG,Apple_scab,train
Apple_scab/image (150)_GridDistortion.JPG,Apple_scab,train
Apple_scab/image (120)_Flip.JPG,Apple_scab,train
Apple_scab/image (37)_ElasticDistortion.JPG,Apple_scab,train
Apple_scab/image (529)_Shear.JPG,Apple_scab,train
Apple_scab/image (8)_Crop.JPG,Apple_scab,train
Apple_scab/image (362)_Skew.JPG,Apple_scab,train
Apple_scab/image (484)_ElasticDistortion.JPG,Apple_scab,train
Apple_scab/image (306)_Shear.JPG,Apple_scab,train
Apple_scab/image (153)_Skew.JPG,Apple_scab,train
Apple_scab/image (272)_Skew.JPG,Apple_scab,train
Apple_scab/image (53)_Shear.JPG,Apple_scab,train
Apple_scab/image (93)_Crop.JPG,Apple_scab,train
Apple_scab/image (409)_ElasticDistortion.JPG,Apple_scab,train
Apple_scab/image (202)_Flip.JPG,Apple_scab,train
Apple_scab/image (64)_ElasticDistortion.JPG,Apple_scab,train
Apple_scab/image (479)_Rotate.JPG,Apple_scab,train
Apple_scab/image (389)_Crop.JPG,Apple_scab,train
Apple_scab/image (283)_Rotate.JPG,Apple_scab,train
Apple_scab/image (346)_Rotate.JPG,Apple_scab,train
Apple_scab/image (500)_Flip.JPG,Apple_scab,train
Apple_scab/image (277)_ElasticDistortion.JPG,Apple_scab,train
Apple_scab/image (594)_GridDistortion.JPG,Apple_scab,train
Apple_scab/image (430)_Shear.JPG,Apple_scab,train
Apple_scab/image (619)_Rotate.JPG,Apple_scab,train
Apple_scab/image (102)_Rotate.JPG,Apple_scab,train
Apple_scab/image (115)_Rotate.JPG,Apple_scab,train
Apple_scab/image (257)_Rotate.JPG,Apple_scab,train
Apple_scab/image (67)_Skew.JPG,Apple_scab,train
Apple_scab/image (516)_ElasticDistortion.JPG,Apple_scab,train
Apple_scab/image (548)_GridDistortion.JPG,Apple_scab,train
Apple_scab/image (214)_Flip.JPG,Apple_scab,train
Apple_scab/image (433)_GridDistortion.JPG,Apple_scab,train
Apple_scab/image (45)_Skew.JPG,Apple_scab,train
Apple_scab/image (542)_Shear.JPG,Apple_scab,train
Apple_scab/image (290)_Skew.JPG,Apple_scab,train
Apple_scab/image (572)_GridDistortion.JPG,Apple_scab,train
Apple_scab/image (84)_Flip.JPG,Apple_scab,train
Apple_scab/image (3)_Shear.JPG,Apple_scab,train
Apple_scab/image (96)_GridDistortion.JPG,Apple_scab,train
Apple_scab/image (90)_Crop.JPG,Apple_scab,train
Apple_scab/image (62)_Crop.JPG,Apple_scab,train
Apple_scab/image (463)_Rotate.JPG,Apple_scab,train
Apple_scab/image (525)_ElasticDistortion.JPG,Apple_scab,train
Apple_scab/image (208)_Rotate.JPG,Apple_scab,train
Apple_scab/image (527)_GridDistortion.JPG,Apple_scab,train
Apple_scab/image (620)_Crop.JPG,Apple_scab,train
Apple_scab/image (311)_Flip.JPG,Apple_scab,train
Apple_scab/image (607)_Rotate.JPG,Apple_scab,train
Apple_scab/image (7)_Rotate.JPG,Apple_scab,train
Apple_scab/image (259)_Rotate.JPG,Apple_scab,train
Apple_scab/image (310)_Crop.JPG,Apple_scab,train
Apple_scab/image (292)_ElasticDistortion.JPG,Apple_scab,train
Apple_scab/image (342)_Rotate.JPG,Apple_scab,train
Apple_scab/image (275)_Rotate.JPG,Apple_scab,train
Apple_scab/image (127)_GridDistortion.JPG,Apple_scab,train
Apple_scab/image (224)_ElasticDistortion.JPG,Apple_scab,train
Apple_scab/image (33)_Flip.JPG,Apple_scab,train
Apple_scab/image (394)_ElasticDistortion.JPG,Apple_scab,train
Apple_scab/image (109)_Rotate.JPG,Apple_scab,train
Apple_scab/image (251)_Rotate.JPG,Apple_scab,train
Apple_scab/image (469)_Rotate.JPG,Apple_scab,train
Apple_scab/image (520)_Skew.JPG,Apple_scab,train
Apple_scab/image (181)_Rotate.JPG,Apple_scab,train
Apple_scab/image (321)_ElasticDistortion.JPG,Apple_scab,train
Apple_scab/image (396)_Shear.JPG,Apple_scab,train
Apple_scab/image (117)_ElasticDistortion.JPG,Apple_scab,train
Apple_scab/image (591)_ElasticDistortion.JPG,Apple_scab,train
Apple_scab/image (14)_GridDistortion.JPG,Apple_scab,train
Apple_scab/image (169)_Flip.JPG,Apple_scab,train
Apple_scab/image (480)_GridDistortion.JPG,Apple_scab,train
Apple_scab/image (18)_GridDistortion.JPG,Apple_scab,train
Apple_scab/image (143)_GridDistortion.JPG,Apple_scab,train
Apple_scab/image (453)_Skew.JPG,Apple_scab,train
Apple_scab/image (313)_Flip.JPG,Apple_scab,train
Apple_scab/image (407)_Rotate.JPG,Apple_scab,train
Apple_scab/image (154)_Crop.JPG,Apple_scab,train
Apple_scab/image (13)_Crop.JPG,Apple_scab,train
Apple_scab/image (496)_Shear.JPG,Apple_scab,train
Apple_scab/image (180)_Crop.JPG,Apple_scab,train
Apple_scab/image (316)_Rotate.JPG,Apple_scab,train
Apple_scab/image (114)_Skew.JPG,Apple_scab,train
Apple_scab/image (569)_Crop.JPG,Apple_scab,train
Apple_scab/image (599)_ElasticDistortion.JPG,Apple_scab,train
Apple_scab/image (337)_Rotate.JPG,Apple_scab,train
Apple_scab/image (261)_Crop.JPG,Apple_scab,train
Apple_scab/image (73)_Rotate.JPG,Apple_scab,train
Apple_scab/image (366)_ElasticDistortion.JPG,Apple_scab,train
Apple_scab/image (300)_GridDistortion.JPG,Apple_scab,train
Apple_scab/image (163)_ElasticDistortion.JPG,Apple_scab,train
Apple_scab/image (286)_Skew.JPG,Apple_scab,train
Apple_scab/image (38)_Rotate.JPG,Apple_scab,train
Apple_scab/image (2)_GridDistortion.JPG,Apple_scab,train
Apple_scab/image (80)_GridDistortion.JPG,Apple_scab,train
Apple_scab/image (296)_Shear.JPG,Apple_scab,train
Apple_scab/image (264)_Crop.JPG,Apple_scab,train
Apple_scab/image (216)_ElasticDistortion.JPG,Apple_scab,train
Apple_scab/image (210)_Crop.JPG,Apple_scab,train
Apple_scab/image (220)_Flip.JPG,Apple_scab,train
Apple_scab/image (600)_Skew.JPG,Apple_scab,train
Apple_scab/image (271)_Crop.JPG,Apple_scab,train
Apple_scab/image (385)_Crop.JPG,Apple_scab,train
Apple_scab/image (519)_Rotate.JPG,Apple_scab,train
Apple_scab/image (177)_Rotate.JPG,Apple_scab,train
Apple_scab/image (438)_Rotate.JPG,Apple_scab,train
Apple_scab/image (597)_Rotate.JPG,Apple_scab,train
Apple_scab/image (267)_ElasticDistortion.JPG,Apple_scab,train
Apple_scab/image (295)_Crop.JPG,Apple_scab,train
Apple_scab/image (325)_GridDistortion.JPG,Apple_scab,train
Apple_scab/image (254)_Shear.JPG,Apple_scab,train
Apple_scab/image (575)_Skew.JPG,Apple_scab,train
Apple_scab/image (335)_ElasticDistortion.JPG,Apple_scab,train
Apple_scab/image (317)_Flip.JPG,Apple_scab,train
Apple_scab/image (511)_Rotate.JPG,Apple_scab,train
Apple_scab/image (547)_Shear.JPG,Apple_scab,train
Apple_scab/image (32)_ElasticDistortion.JPG,Apple_scab,train
Apple_scab/image (74)_ElasticDistortion.JPG,Apple_scab,train
Apple_scab/image (17)_Flip.JPG,Apple_scab,train
Apple_scab/image (195)_ElasticDistortion.JPG,Apple_scab,train
Apple_scab/image (427)_ElasticDistortion.JPG,Apple_scab,train
Apple_scab/image (199)_Flip.JPG,Apple_scab,train
Apple_scab/image (506)_Flip.JPG,Apple_scab,train
Apple_scab/image (609)_Crop.JPG,Apple_scab,train
Apple_scab/image (43)_GridDistortion.JPG,Apple_scab,train
Apple_scab/image (58)_Rotate.JPG,Apple_scab,train
Apple_scab/image (408)_ElasticDistortion.JPG,Apple_scab,train
Apple_scab/image (125)_ElasticDistortion.JPG,Apple_scab,train
Apple_scab/image (395)_Flip.JPG,Apple_scab,train
Apple_Black_rot/image (11).JPG,Apple_Black_rot,validation
Apple_Black_rot/image (111).JPG,Apple_Black_rot,validation
Apple_Black_rot/image (112).JPG,Apple_Black_rot,validation
Apple_Black_rot/image (115).JPG,Apple_Black_rot,validation
Apple_Black_rot/image (118).JPG,Apple_Black_rot,validation
Apple_Black_rot/image (119).JPG,Apple_Black_rot,validation
Apple_Black_rot/image (120).JPG,Apple_Black_rot,validation
Apple_Black_rot/image (137).JPG,Apple_Black_rot,validation
Apple_Black_rot/image (152).JPG,Apple_Black_rot,validation
Apple_Black_rot/image (155).JPG,Apple_Black_rot,validation
Apple_Black_rot/image (166).JPG,Apple_Black_rot,validation
Apple_Black_rot/image (167).JPG,Apple_Black_rot,validation
Apple_Black_rot/image (168).JPG,Apple_Black_rot,validation
Apple_Black_rot/image (169).JPG,Apple_Black_rot,validation
Apple_Black_rot/image (174).JPG,Apple_Black_rot,validation
Apple_Black_rot/image (177).JPG,Apple_Black_rot,validation
Apple_Black_rot/image (182).JPG,Apple_Black_rot,validation
Apple_Black_rot/image (186).JPG,Apple_Black_rot,validation
Apple_Black_rot/image (19).JPG,Apple_Black_rot,validation
Apple_Black_rot/image (195).JPG,Apple_Black_rot,validation
Apple_Black_rot/image (196).JPG,Apple_Black_rot,validation
Apple_Black_rot/image (203).JPG,Apple_Black_rot,validation
Apple_Black_rot/image (205).JPG,Apple_Black_rot,validation
Apple_Black_rot/image (206).JPG,Apple_Black_rot,validation
Apple_Black_rot/image (217).JPG,Apple_Black_rot,validation
Apple_Black_rot/image (218).JPG,Apple_Black_rot,validation
Apple_Black_rot/image (225).JPG,Apple_Black_rot,validation
Apple_Black_rot/image (229).JPG,Apple_Black_rot,validation
Apple_Black_rot/image (232).JPG,Apple_Black_rot,validation
Apple_Black_rot/image (239).JPG,Apple_Black_rot,validation
Apple_Black_rot/image (250).JPG,Apple_Black_rot,validation
Apple_Black_rot/image (254).JPG,Apple_Black_rot,validation
Apple_Black_rot/image (263).JPG,Apple_Black_rot,validation
Apple_Black_rot/image (265).JPG,Apple_Black_rot,validation
Apple_Black_rot/image (267).JPG,Apple_Black_rot,validation
Apple_Black_rot/image (268).JPG,Apple_Black_rot,validation
Apple_Black_rot/image (269).JPG,Apple_Black_rot,validation
Apple_Black_rot/image (272).JPG,Apple_Black_rot,validation
Apple_Black_rot/image (273).JPG,Apple_Black_rot,validation
Apple_Black_rot/image (275).JPG,Apple_Black_rot,validation
Apple_Black_rot/image (280).JPG,Apple_Black_rot,validation
Apple_Black_rot/image (286).JPG,Apple_Black_rot,validation
Apple_Black_rot/image (288).JPG,Apple_Black_rot,validation
Apple_Black_rot/image (29).JPG,Apple_Black_rot,validation
Apple_Black_rot/image (291).JPG,Apple_Black_rot,validation
Apple_Black_rot/image (299).JPG,Apple_Black_rot,validation
Apple_Black_rot/image (306).JPG,Apple_Black_rot,validation
Apple_Black_rot/image (310).JPG,Apple_Black_rot,validation
Apple_Black_rot/image (312).JPG,Apple_Black_rot,validation
Apple_Black_rot/image (321).JPG,Apple_Black_rot,validation
Apple_Black_rot/image (325).JPG,Apple_Black_rot,validation
Apple_Black_rot/image (329).JPG,Apple_Black_rot,validation
Apple_Black_rot/image (331).JPG,Apple_Black_rot,validation
Apple_Black_rot/image (339).JPG,Apple_Black_rot,validation
Apple_Black_rot/image (357).JPG,Apple_Black_rot,validation
Apple_Black_rot/image (363).JPG,Apple_Black_rot,validation
Apple_Black_rot/image (364).JPG,Apple_Black_rot,validation
Apple_Black_rot/image (367).JPG,Apple_Black_rot,validation
Apple_Black_rot/image (376).JPG,Apple_Black_rot,validation
Apple_Black_rot/image (377).JPG,Apple_Black_rot,validation
Apple_Black_rot/image (380).JPG,Apple_Black_rot,validation
Apple_Black_rot/image (384).JPG,Apple_Black_rot,validation
Apple_Black_rot/image (386).JPG,Apple_Black_rot,validation
Apple_Black_rot/image (392).JPG,Apple_Black_rot,validation
Apple_Black_rot/image (393).JPG,Apple_Black_rot,validation
Apple_Black_rot/image (396).JPG,Apple_Black_rot,validation
Apple_Black_rot/image (405).JPG,Apple_Black_rot,validation
Apple_Black_rot/image (410).JPG,Apple_Black_rot,validation
Apple_Black_rot/image (411).JPG,Apple_Black_rot,validation
Apple_Black_rot/image (420).JPG,Apple_Black_rot,validation
Apple_Black_rot/image (421).JPG,Apple_Black_rot,validation
Apple_Black_rot/image (427).JPG,Apple_Black_rot,validation
Apple_Black_rot/image (433).JPG,Apple_Black_rot,validation
Apple_Black_rot/image (438).JPG,Apple_Black_rot,validation
Apple_Black_rot/image (439).JPG,Apple_Black_rot,validation
Apple_Black_rot/image (441).JPG,Apple_Black_rot,validation
Apple_Black_rot/image (442).JPG,Apple_Black_rot,validation
Apple_Black_rot/image (459).JPG,Apple_Black_rot,validation
Apple_Black_rot/image (46).JPG,Apple_Black_rot,validation
Apple_Black_rot/image (462).JPG,Apple_Black_rot,validation
Apple_Black_rot/image (473).JPG,Apple_Black_rot,validation
Apple_Black_rot/image (476).JPG,Apple_Black_rot,validation
Apple_Black_rot/image (479).JPG,Apple_Black_rot,validation
Apple_Black_rot/image (485).JPG,Apple_Black_rot,validation
Apple_Black_rot/image (492).JPG,Apple_Black_rot,validation
Apple_Black_rot/image (499).JPG,Apple_Black_rot,validation
Apple_Black_rot/image (500).JPG,Apple_Black_rot,validation
Apple_Black_rot/image (510).JPG,Apple_Black_rot,validation
Apple_Black_rot/image (511).JPG,Apple_Black_rot,validation
Apple_Black_rot/image (516).JPG,Apple_Black_rot,validation
Apple_Black_rot/image (520).JPG,Apple_Black_rot,validation
Apple_Black_rot/image (527).JPG,Apple_Black_rot,validation
Apple_Black_rot/image (528).JPG,Apple_Black_rot,validation
Apple_Black_rot/image (532).JPG,Apple_Black_rot,validation
Apple_Black_rot/image (54).JPG,Apple_Black_rot,validation
Apple_Black_rot/image (544).JPG,Apple_Black_rot,validation
Apple_Black_rot/image (550).JPG,Apple_Black_rot,validation
Apple_Black_rot/image (551).JPG,Apple_Black_rot,validation
Apple_Black_rot/image (553).JPG,Apple_Black_rot,validation
Apple_Black_rot/image (556).JPG,Apple_Black_rot,validation
Apple_Black_rot/image (562).JPG,Apple_Black_rot,validation
Apple_Black_rot/image (571).JPG,Apple_Black_rot,validation
Apple_Black_rot/image (572).JPG,Apple_Black_rot,validation
Apple_Black_rot/image (580).JPG,Apple_Black_rot,validation
Apple_Black_rot/image (581).JPG,Apple_Black_rot,validation
Apple_Black_rot/image (593).JPG,Apple_Black_rot,validation
Apple_Black_rot/image (598).JPG,Apple_Black_rot,validation
Apple_Black_rot/image (60).JPG,Apple_Black_rot,validation
Apple_Black_rot/image (600).JPG,Apple_Black_rot,validation
Apple_Black_rot/image (603).JPG,Apple_Black_rot,validation
Apple_Black_rot/image (606).JPG,Apple_Black_rot,validation
Apple_Black_rot/image (61).JPG,Apple_Black_rot,validation
Apple_Black_rot/image (610).JPG,Apple_Black_rot,validation
Apple_Black_rot/image (615).JPG,Apple_Black_rot,validation
Apple_Black_rot/image (619).JPG,Apple_Black_rot,validation
Apple_Black_rot/image (62).JPG,Apple_Black_rot,validation
Apple_Black_rot/image (620).JPG,Apple_Black_rot,validation
Apple_Black_rot/image (64).JPG,Apple_Black_rot,validation
Apple_Black_rot/image (65).JPG,Apple_Black_rot,validation
Apple_Black_rot/image (66).JPG,Apple_Black_rot,validation
Apple_Black_rot/image (80).JPG,Apple_Black_rot,validation
Apple_Black_rot/image (81).JPG,Apple_Black_rot,validation
Apple_Black_rot/image (95).JPG,Apple_Black_rot,validation
Apple_Black_rot/image (99).JPG,Apple_Black_rot,validation
Apple_healthy/image (1).JPG,Apple_healthy,validation
Apple_healthy/image (10).JPG,Apple_healthy,validation
Apple_healthy/image (1000).JPG,Apple_healthy,validation
Apple_healthy/image (1001).JPG,Apple_healthy,validation
Apple_healthy/image (1005).JPG,Apple_healthy,validation
Apple_healthy/image (1007).JPG,Apple_healthy,validation
Apple_healthy/image (1008).JPG,Apple_healthy,validation
Apple_healthy/image (1013).JPG,Apple_healthy,validation
Apple_healthy/image (1014).JPG,Apple_healthy,validation
Apple_healthy/image (1019).JPG,Apple_healthy,validation
Apple_healthy/image (1025).JPG,Apple_healthy,validation
Apple_healthy/image (1029).JPG,Apple_healthy,validation
Apple_healthy/image (1030).JPG,Apple_healthy,validation
Apple_healthy/image (1031).JPG,Apple_healthy,validation
Apple_healthy/image (1039).JPG,Apple_healthy,validation
Apple_healthy/image (1041).JPG,Apple_healthy,validation
Apple_healthy/image (1042).JPG,Apple_healthy,validation
Apple_healthy/image (1047).JPG,Apple_healthy,validation
Apple_healthy/image (1052).JPG,Apple_healthy,validation
Apple_healthy/image (1063).JPG,Apple_healthy,validation
Apple_healthy/image (1075).JPG,Apple_healthy,validation
Apple_healthy/image (1078).JPG,Apple_healthy,validation
Apple_healthy/image (1080).JPG,Apple_healthy,validation
Apple_healthy/image (1091).JPG,Apple_healthy,validation
Apple_healthy/image (1092).JPG,Apple_healthy,validation
Apple_healthy/image (1095).JPG,Apple_healthy,validation
Apple_healthy/image (111).JPG,Apple_healthy,validation
Apple_healthy/image (1115).JPG,Apple_healthy,validation
Apple_healthy/image (112).JPG,Apple_healthy,validation
Apple_healthy/image (1120).JPG,Apple_healthy,validation
Apple_healthy/image (1121).JPG,Apple_healthy,validation
Apple_healthy/image (1133).JPG,Apple_healthy,validation
Apple_healthy/image (1135).JPG,Apple_healthy,validation
Apple_healthy/image (114).JPG,Apple_healthy,validation
Apple_healthy/image (1142).JPG,Apple_healthy,validation
Apple_healthy/image (1150).JPG,Apple_healthy,validation
Apple_healthy/image (1151).JPG,Apple_healthy,validation
Apple_healthy/image (1154).JPG,Apple_healthy,validation
Apple_healthy/image (1162).JPG,Apple_healthy,validation
Apple_healthy/image (1163).JPG,Apple_healthy,validation
Apple_healthy/image (1169).JPG,Apple_healthy,validation
Apple_healthy/image (1172).JPG,Apple_healthy,validation
Apple_healthy/image (1175).JPG,Apple_healthy,validation
Apple_healthy/image (1178).JPG,Apple_healthy,validation
Apple_healthy/image (1184).JPG,Apple_healthy,validation
Apple_healthy/image (1185).JPG,Apple_healthy,validation
Apple_healthy/image (1189).JPG,Apple_healthy,validation
Apple_healthy/image (1190).JPG,Apple_healthy,validation
Apple_healthy/image (1192).JPG,Apple_healthy,validation
Apple_healthy/image (1196).JPG,Apple_healthy,validation
Apple_healthy/image (1203).JPG,Apple_healthy,validation
Apple_healthy/image (1219).JPG,Apple_healthy,validation
Apple_healthy/image (1223).JPG,Apple_healthy,validation
Apple_healthy/image (1224).JPG,Apple_healthy,validation
Apple_healthy/image (1225).JPG,Apple_healthy,validation
Apple_healthy/image (1228).JPG,Apple_healthy,validation
Apple_healthy/image (1235).JPG,Apple_healthy,validation
Apple_healthy/image (1237).JPG,Apple_healthy,validation
Apple_healthy/image (1238).JPG,Apple_healthy,validation
Apple_healthy/image (1239).JPG,Apple_healthy,validation
Apple_healthy/image (1243).JPG,Apple_healthy,validation
Apple_healthy/image (1245).JPG,Apple_healthy,validation
Apple_healthy/image (1246).JPG,Apple_healthy,validation
Apple_healthy/image (1254).JPG,Apple_healthy,validation
Apple_healthy/image (1257).JPG,Apple_healthy,validation
Apple_healthy/image (1258).JPG,Apple_healthy,validation
Apple_healthy/image (1266).JPG,Apple_healthy,validation
Apple_healthy/image (1268).JPG,Apple_healthy,validation
Apple_healthy/image (1269).JPG,Apple_healthy,validation
Apple_healthy/image (1270).JPG,Apple_healthy,validation
Apple_healthy/image (1271).JPG,Apple_healthy,validation
Apple_healthy/image (1274).JPG,Apple_healthy,validation
Apple_healthy/image (1275).JPG,Apple_healthy,validation
Apple_healthy/image (1281).JPG,Apple_healthy,validation
Apple_healthy/image (1289).JPG,Apple_healthy,validation
Apple_healthy/image (1291).JPG,Apple_healthy,validation
Apple_healthy/image (1292).JPG,Apple_healthy,validation
Apple_healthy/image (1299).JPG,Apple_healthy,validation
Apple_healthy/image (13).JPG,Apple_healthy,validation
Apple_healthy/image (1308).JPG,Apple_healthy,validation
Apple_healthy/image (1309).JPG,Apple_healthy,validation
Apple_healthy/image (1315).JPG,Apple_healthy,validation
Apple_healthy/image (1319).JPG,Apple_healthy,validation
Apple_healthy/image (1323).JPG,Apple_healthy,validation
Apple_healthy/image (1325).JPG,Apple_healthy,validation
Apple_healthy/image (1327).JPG,Apple_healthy,validation
Apple_healthy/image (1334).JPG,Apple_healthy,validation
Apple_healthy/image (1336).JPG,Apple_healthy,validation
Apple_healthy/image (1342).JPG,Apple_healthy,validation
Apple_healthy/image (1347).JPG,Apple_healthy,validation
Apple_healthy/image (1348).JPG,Apple_healthy,validation
Apple_healthy/image (1358).JPG,Apple_healthy,validation
Apple_healthy/image (1359).JPG,Apple_healthy,validation
Apple_healthy/image (1367).JPG,Apple_healthy,validation
Apple_healthy/image (137).JPG,Apple_healthy,validation
Apple_healthy/image (1370).JPG,Apple_healthy,validation
Apple_healthy/image (1378).JPG,Apple_healthy,validation
Apple_healthy/image (1384).JPG,Apple_healthy,validation
Apple_healthy/image (1386).JPG,Apple_healthy,validation
Apple_healthy/image (1390).JPG,Apple_healthy,validation
Apple_healthy/image (1396).JPG,Apple_healthy,validation
Apple_healthy/image (1399).JPG,Apple_healthy,validation
Apple_healthy/image (14).JPG,Apple_healthy,validation
Apple_healthy/image (1409).JPG,Apple_healthy,validation
Apple_healthy/image (141).JPG,Apple_healthy,validation
Apple_healthy/image (1410).JPG,Apple_healthy,validation
Apple_healthy/image (1418).JPG,Apple_healthy,validation
Apple_healthy/image (1428).JPG,Apple_healthy,validation
Apple_healthy/image (1433).JPG,Apple_healthy,validation
Apple_healthy/image (1436).JPG,Apple_healthy,validation
Apple_healthy/image (1445).JPG,Apple_healthy,validation
Apple_healthy/image (1451).JPG,Apple_healthy,validation
Apple_healthy/image (1455).JPG,Apple_healthy,validation
Apple_healthy/image (1458).JPG,Apple_healthy,validation
Apple_healthy/image (1459).JPG,Apple_healthy,validation
Apple_healthy/image (1465).JPG,Apple_healthy,validation
Apple_healthy/image (1468).JPG,Apple_healthy,validation
Apple_healthy/image (147).JPG,Apple_healthy,validation
Apple_healthy/image (1473).JPG,Apple_healthy,validation
Apple_healthy/image (1474).JPG,Apple_healthy,validation
Apple_healthy/image (1476).JPG,Apple_healthy,validation
Apple_healthy/image (1477).JPG,Apple_healthy,validation
Apple_healthy/image (148).JPG,Apple_healthy,validation
Apple_healthy/image (1482).JPG,Apple_healthy,validation
Apple_healthy/image (1485).JPG,Apple_healthy,validation
Apple_healthy/image (1496).JPG,Apple_healthy,validation
Apple_healthy/image (1499).JPG,Apple_healthy,validation
Apple_healthy/image (15).JPG,Apple_healthy,validation
Apple_healthy/image (1514).JPG,Apple_healthy,validation
Apple_healthy/image (1518).JPG,Apple_healthy,validation
Apple_healthy/image (1520).JPG,Apple_healthy,validation
Apple_healthy/image (1524).JPG,Apple_healthy,validation
Apple_healthy/image (1532).JPG,Apple_healthy,validation
Apple_healthy/image (1547).JPG,Apple_healthy,validation
Apple_healthy/image (1552).JPG,Apple_healthy,validation
Apple_healthy/image (1562).JPG,Apple_healthy,validation
Apple_healthy/image (1567).JPG,Apple_healthy,validation
Apple_healthy/image (1570).JPG,Apple_healthy,validation
Apple_healthy/image (1575).JPG,Apple_healthy,validation
Apple_healthy/image (1576).JPG,Apple_healthy,validation
Apple_healthy/image (1577).JPG,Apple_healthy,validation
Apple_healthy/image (1581).JPG,Apple_healthy,validation
Apple_healthy/image (1583).JPG,Apple_healthy,validation
Apple_healthy/image (16).JPG,Apple_healthy,validation
Apple_healthy/image (160).JPG,Apple_healthy,validation
Apple_healthy/image (1613).JPG,Apple_healthy,validation
Apple_healthy/image (1614).JPG,Apple_healthy,validation
Apple_healthy/image (1619).JPG,Apple_healthy,validation
Apple_healthy/image (1624).JPG,Apple_healthy,validation
Apple_healthy/image (163).JPG,Apple_healthy,validation
Apple_healthy/image (1633).JPG,Apple_healthy,validation
Apple_healthy/image (174).JPG,Apple_healthy,validation
Apple_healthy/image (178).JPG,Apple_healthy,validation
Apple_healthy/image (182).JPG,Apple_healthy,validation
Apple_healthy/image (185).JPG,Apple_healthy,validation
Apple_healthy/image (191).JPG,Apple_healthy,validation
Apple_healthy/image (194).JPG,Apple_healthy,validation
Apple_healthy/image (198).JPG,Apple_healthy,validation
Apple_healthy/image (20).JPG,Apple_healthy,validation
Apple_healthy/image (208).JPG,Apple_healthy,validation
Apple_healthy/image (21).JPG,Apple_healthy,validation
Apple_healthy/image (219).JPG,Apple_healthy,validation
Apple_healthy/image (231).JPG,Apple_healthy,validation
Apple_healthy/image (236).JPG,Apple_healthy,validation
Apple_healthy/image (237).JPG,Apple_healthy,validation
Apple_healthy/image (241).JPG,Apple_healthy,validation
Apple_healthy/image (254).JPG,Apple_healthy,validation
Apple_healthy/image (26).JPG,Apple_healthy,validation
Apple_healthy/image (261).JPG,Apple_healthy,validation
Apple_healthy/image (262).JPG,Apple_healthy,validation
Apple_healthy/image (270).JPG,Apple_healthy,validation
Apple_healthy/image (276).JPG,Apple_healthy,validation
Apple_healthy/image (285).JPG,Apple_healthy,validation
Apple_healthy/image (291).JPG,Apple_healthy,validation
Apple_healthy/image (293).JPG,Apple_healthy,validation
Apple_healthy/image (294).JPG,Apple_healthy,validation
Apple_healthy/image (296).JPG,Apple_healthy,validation
Apple_healthy/image (298).JPG,Apple_healthy,validation
Apple_healthy/image (299).JPG,Apple_healthy,validation
Apple_healthy/image (30).JPG,Apple_healthy,validation
Apple_healthy/image (302).JPG,Apple_healthy,validation
Apple_healthy/image (308).JPG,Apple_healthy,validation
Apple_healthy/image (315).JPG,Apple_healthy,validation
Apple_healthy/image (317).JPG,Apple_healthy,validation
Apple_healthy/image (32).JPG,Apple_healthy,validation
Apple_healthy/image (340).JPG,Apple_healthy,validation
Apple_healthy/image (341).JPG,Apple_healthy,validation
Apple_healthy/image (342).JPG,Apple_healthy,validation
Apple_healthy/image (344).JPG,Apple_healthy,validation
Apple_healthy/image (346).JPG,Apple_healthy,validation
Apple_healthy/image (35).JPG,Apple_healthy,validation
Apple_healthy/image (354).JPG,Apple_healthy,validation
Apple_healthy/image (355).JPG,Apple_healthy,validation
Apple_healthy/image (357).JPG,Apple_healthy,validation
Apple_healthy/image (368).JPG,Apple_healthy,validation
Apple_healthy/image (371).JPG,Apple_healthy,validation
Apple_healthy/image (376).JPG,Apple_healthy,validation
Apple_healthy/image (377).JPG,Apple_healthy,validation
Apple_healthy/image (378).JPG,Apple_healthy,validation
Apple_healthy/image (382).JPG,Apple_healthy,validation
Apple_healthy/image (390).JPG,Apple_healthy,validation
Apple_healthy/image (398).JPG,Apple_healthy,validation
Apple_healthy/image (401).JPG,Apple_healthy,validation
Apple_healthy/image (403).JPG,Apple_healthy,validation
Apple_healthy/image (405).JPG,Apple_healthy,validation
Apple_healthy/image (408).JPG,Apple_healthy,validation
Apple_healthy/image (409).JPG,Apple_healthy,validation
Apple_healthy/image (419).JPG,Apple_healthy,validation
Apple_healthy/image (430).JPG,Apple_healthy,validation
Apple_healthy/image (431).JPG,Apple_healthy,validation
Apple_healthy/image (434).JPG,Apple_healthy,validation
Apple_healthy/image (436).JPG,Apple_healthy,validation
Apple_healthy/image (446).JPG,Apple_healthy,validation
Apple_healthy/image (45).JPG,Apple_healthy,validation
Apple_healthy/image (453).JPG,Apple_healthy,validation
Apple_healthy/image (467).JPG,Apple_healthy,validation
Apple_healthy/image (473).JPG,Apple_healthy,validation
Apple_healthy/image (476).JPG,Apple_healthy,validation
Apple_healthy/image (48).JPG,Apple_healthy,validation
Apple_healthy/image (483).JPG,Apple_healthy,validation
Apple_healthy/image (487).JPG,Apple_healthy,validation
Apple_healthy/image (496).JPG,Apple_healthy,validation
Apple_healthy/image (5).JPG,Apple_healthy,validation
Apple_healthy/image (503).JPG,Apple_healthy,validation
Apple_healthy/image (508).JPG,Apple_healthy,validation
Apple_healthy/image (509).JPG,Apple_healthy,validation
Apple_healthy/image (510).JPG,Apple_healthy,validation
Apple_healthy/image (519).JPG,Apple_healthy,validation
Apple_healthy/image (520).JPG,Apple_healthy,validation
Apple_healthy/image (527).JPG,Apple_healthy,validation
Apple_healthy/image (532).JPG,Apple_healthy,validation
Apple_healthy/image (539).JPG,Apple_healthy,validation
Apple_healthy/image (543).JPG,Apple_healthy,validation
Apple_healthy/image (551).JPG,Apple_healthy,validation
Apple_healthy/image (553).JPG,Apple_healthy,validation
Apple_healthy/image (555).JPG,Apple_healthy,validation
Apple_healthy/image (559).JPG,Apple_healthy,validation
Apple_healthy/image (564).JPG,Apple_healthy,validation
Apple_healthy/image (565).JPG,Apple_healthy,validation
Apple_healthy/image (568).JPG,Apple_healthy,validation
Apple_healthy/image (569).JPG,Apple_healthy,validation
Apple_healthy/image (576).JPG,Apple_healthy,validation
Apple_healthy/image (578).JPG,Apple_healthy,validation
Apple_healthy/image (579).JPG,Apple_healthy,validation
Apple_healthy/image (596).JPG,Apple_healthy,validation
Apple_healthy/image (60).JPG,Apple_healthy,validation
Apple_healthy/image (602).JPG,Apple_healthy,validation
Apple_healthy/image (606).JPG,Apple_healthy,validation
Apple_healthy/image (628).JPG,Apple_healthy,validation
Apple_healthy/image (632).JPG,Apple_healthy,validation
Apple_healthy/image (643).JPG,Apple_healthy,validation
Apple_healthy/image (660).JPG,Apple_healthy,validation
Apple_healthy/image (663).JPG,Apple_healthy,validation
Apple_healthy/image (664).JPG,Apple_healthy,validation
Apple_healthy/image (669).JPG,Apple_healthy,validation
Apple_healthy/image (672).JPG,Apple_healthy,validation
Apple_healthy/image (673).JPG,Apple_healthy,validation
Apple_healthy/image (681).JPG,Apple_healthy,validation
Apple_healthy/image (687).JPG,Apple_healthy,validation
Apple_healthy/image (690).JPG,Apple_healthy,validation
Apple_healthy/image (693).JPG,Apple_healthy,validation
Apple_healthy/image (696).JPG,Apple_healthy,validation
Apple_healthy/image (7).JPG,Apple_healthy,validation
Apple_healthy/image (70).JPG,Apple_healthy,validation
Apple_healthy/image (705).JPG,Apple_healthy,validation
Apple_healthy/image (706).JPG,Apple_healthy,validation
Apple_healthy/image (708).JPG,Apple_healthy,validation
Apple_healthy/image (714).JPG,Apple_healthy,validation
Apple_healthy/image (72).JPG,Apple_healthy,validation
Apple_healthy/image (722).JPG,Apple_healthy,validation
Apple_healthy/image (73).JPG,Apple_healthy,validation
Apple_healthy/image (730).JPG,Apple_healthy,validation
Apple_healthy/image (733).JPG,Apple_healthy,validation
Apple_healthy/image (738).JPG,Apple_healthy,validation
Apple_healthy/image (743).JPG,Apple_healthy,validation
Apple_healthy/image (749).JPG,Apple_healthy,validation
Apple_healthy/image (766).JPG,Apple_healthy,validation
Apple_healthy/image (768).JPG,Apple_healthy,validation
Apple_healthy/image (776).JPG,Apple_healthy,validation
Apple_healthy/image (78).JPG,Apple_healthy,validation
Apple_healthy/image (780).JPG,Apple_healthy,validation
Apple_healthy/image (782).JPG,Apple_healthy,validation
Apple_healthy/image (794).JPG,Apple_healthy,validation
Apple_healthy/image (80).JPG,Apple_healthy,validation
Apple_healthy/image (803).JPG,Apple_healthy,validation
Apple_healthy/image (806).JPG,Apple_healthy,validation
Apple_healthy/image (81).JPG,Apple_healthy,validation
Apple_healthy/image (814).JPG,Apple_healthy,validation
Apple_healthy/image (816).JPG,Apple_healthy,validation
Apple_healthy/image (817).JPG,Apple_healthy,validation
Apple_healthy/image (822).JPG,Apple_healthy,validation
Apple_healthy/image (823).JPG,Apple_healthy,validation
Apple_healthy/image (830).JPG,Apple_healthy,validation
Apple_healthy/image (831).JPG,Apple_healthy,validation
Apple_healthy/image (833).JPG,Apple_healthy,validation
Apple_healthy/image (837).JPG,Apple_healthy,validation
Apple_healthy/image (845).JPG,Apple_healthy,validation
Apple_healthy/image (846).JPG,Apple_healthy,validation
Apple_healthy/image (850).JPG,Apple_healthy,validation
Apple_healthy/image (851).JPG,Apple_healthy,validation
Apple_healthy/image (856).JPG,Apple_healthy,validation
Apple_healthy/image (863).JPG,Apple_healthy,validation
Apple_healthy/image (864).JPG,Apple_healthy,validation
Apple_healthy/image (868).JPG,Apple_healthy,validation
Apple_healthy/image (873).JPG,Apple_healthy,validation
Apple_healthy/image (875).JPG,Apple_healthy,validation
Apple_healthy/image (88).JPG,Apple_healthy,validation
Apple_healthy/image (884).JPG,Apple_healthy,validation
Apple_healthy/image (886).JPG,Apple_healthy,validation
Apple_healthy/image (888).JPG,Apple_healthy,validation
Apple_healthy/image (89).JPG,Apple_healthy,validation
Apple_healthy/image (920).JPG,Apple_healthy,validation
Apple_healthy/image (922).JPG,Apple_healthy,validation
Apple_healthy/image (923).JPG,Apple_healthy,validation
Apple_healthy/image (932).JPG,Apple_healthy,validation
Apple_healthy/image (936).JPG,Apple_healthy,validation
Apple_healthy/image (938).JPG,Apple_healthy,validation
Apple_healthy/image (94).JPG,Apple_healthy,validation
Apple_healthy/image (951).JPG,Apple_healthy,validation
Apple_healthy/image (960).JPG,Apple_healthy,validation
Apple_healthy/image (966).JPG,Apple_healthy,validation
Apple_healthy/image (970).JPG,Apple_healthy,validation
Apple_healthy/image (971).JPG,Apple_healthy,validation
Apple_healthy/image (979).JPG,Apple_healthy,validation
Apple_healthy/image (981).JPG,Apple_healthy,validation
Apple_healthy/image (983).JPG,Apple_healthy,validation
Apple_healthy/image (986).JPG,Apple_healthy,validation
Apple_healthy/image (996).JPG,Apple_healthy,validation
Apple_rust/image (1).JPG,Apple_rust,validation
Apple_rust/image (10).JPG,Apple_rust,validation
Apple_rust/image (101).JPG,Apple_rust,validation
Apple_rust/image (111).JPG,Apple_rust,validation
Apple_rust/image (113).JPG,Apple_rust,validation
Apple_rust/image (116).JPG,Apple_rust,validation
Apple_rust/image (117).JPG,Apple_rust,validation
Apple_rust/image (118).JPG,Apple_rust,validation
Apple_rust/image (12).JPG,Apple_rust,validation
Apple_rust/image (125).JPG,Apple_rust,validation
Apple_rust/image (134).JPG,Apple_rust,validation
Apple_rust/image (137).JPG,Apple_rust,validation
Apple_rust/image (141).JPG,Apple_rust,validation
Apple_rust/image (145).JPG,Apple_rust,validation
Apple_rust/image (147).JPG,Apple_rust,validation
Apple_rust/image (148).JPG,Apple_rust,validation
Apple_rust/image (150).JPG,Apple_rust,validation
Apple_rust/image (156).JPG,Apple_rust,validation
Apple_rust/image (157).JPG,Apple_rust,validation
Apple_rust/image (158).JPG,Apple_rust,validation
Apple_rust/image (162).JPG,Apple_rust,validation
Apple_rust/image (167).JPG,Apple_rust,validation
Apple_rust/image (169).JPG,Apple_rust,validation
Apple_rust/image (170).JPG,Apple_rust,validation
Apple_rust/image (18).JPG,Apple_rust,validation
Apple_rust/image (190).JPG,Apple_rust,validation
Apple_rust/image (193).JPG,Apple_rust,validation
Apple_rust/image (198).JPG,Apple_rust,validation
Apple_rust/image (200).JPG,Apple_rust,validation
Apple_rust/image (206).JPG,Apple_rust,validation
Apple_rust/image (210).JPG,Apple_rust,validation
Apple_rust/image (219).JPG,Apple_rust,validation
Apple_rust/image (230).JPG,Apple_rust,validation
Apple_rust/image (237).JPG,Apple_rust,validation
Apple_rust/image (245).JPG,Apple_rust,validation
Apple_rust/image (248).JPG,Apple_rust,validation
Apple_rust/image (251).JPG,Apple_rust,validation
Apple_rust/image (262).JPG,Apple_rust,validation
Apple_rust/image (265).JPG,Apple_rust,validation
Apple_rust/image (268).JPG,Apple_rust,validation
Apple_rust/image (269).JPG,Apple_rust,validation
Apple_rust/image (3).JPG,Apple_rust,validation
Apple_rust/image (31).JPG,Apple_rust,validation
Apple_rust/image (35).JPG,Apple_rust,validation
Apple_rust/image (48).JPG,Apple_rust,validation
Apple_rust/image (5).JPG,Apple_rust,validation
Apple_rust/image (59).JPG,Apple_rust,validation
Apple_rust/image (60).JPG,Apple_rust,validation
Apple_rust/image (63).JPG,Apple_rust,validation
Apple_rust/image (68).JPG,Apple_rust,validation
Apple_rust/image (72).JPG,Apple_rust,validation
Apple_rust/image (73).JPG,Apple_rust,validation
Apple_rust/image (77).JPG,Apple_rust,validation
Apple_rust/image (82).JPG,Apple_rust,validation
Apple_rust/image (87).JPG,Apple_rust,validation
Apple_scab/image (1).JPG,Apple_scab,validation
Apple_scab/image (103).JPG,Apple_scab,validation
Apple_scab/image (107).JPG,Apple_scab,validation
Apple_scab/image (11).JPG,Apple_scab,validation
Apple_scab/image (112).JPG,Apple_scab,validation
Apple_scab/image (129).JPG,Apple_scab,validation
Apple_scab/image (137).JPG,Apple_scab,validation
Apple_scab/image (139).JPG,Apple_scab,validation
Apple_scab/image (146).JPG,Apple_scab,validation
Apple_scab/image (149).JPG,Apple_scab,validation
Apple_scab/image (159).JPG,Apple_scab,validation
Apple_scab/image (16).JPG,Apple_scab,validation
Apple_scab/image (164).JPG,Apple_scab,validation
Apple_scab/image (172).JPG,Apple_scab,validation
Apple_scab/image (173).JPG,Apple_scab,validation
Apple_scab/image (176).JPG,Apple_scab,validation
Apple_scab/image (182).JPG,Apple_scab,validation
Apple_scab/image (191).JPG,Apple_scab,validation
Apple_scab/image (196).JPG,Apple_scab,validation
Apple_scab/image (198).JPG,Apple_scab,validation
Apple_scab/image (20).JPG,Apple_scab,validation
Apple_scab/image (203).JPG,Apple_scab,validation
Apple_scab/image (215).JPG,Apple_scab,validation
Apple_scab/image (218).JPG,Apple_scab,validation
Apple_scab/image (227).JPG,Apple_scab,validation
Apple_scab/image (230).JPG,Apple_scab,validation
Apple_scab/image (231).JPG,Apple_scab,validation
Apple_scab/image (233).JPG,Apple_scab,validation
Apple_scab/image (242).JPG,Apple_scab,validation
Apple_scab/image (244).JPG,Apple_scab,validation
Apple_scab/image (245).JPG,Apple_scab,validation
Apple_scab/image (253).JPG,Apple_scab,validation
Apple_scab/image (255).JPG,Apple_scab,validation
Apple_scab/image (256).JPG,Apple_scab,validation
Apple_scab/image (263).JPG,Apple_scab,validation
Apple_scab/image (266).JPG,Apple_scab,validation
Apple_scab/image (268).JPG,Apple_scab,validation
Apple_scab/image (269).JPG,Apple_scab,validation
Apple_scab/image (276).JPG,Apple_scab,validation
Apple_scab/image (279).JPG,Apple_scab,validation
Apple_scab/image (28).JPG,Apple_scab,validation
Apple_scab/image (281).JPG,Apple_scab,validation
Apple_scab/image (297).JPG,Apple_scab,validation
Apple_scab/image (299).JPG,Apple_scab,validation
Apple_scab/image (303).JPG,Apple_scab,validation
Apple_scab/image (307).JPG,Apple_scab,validation
Apple_scab/image (318).JPG,Apple_scab,validation
Apple_scab/image (322).JPG,Apple_scab,validation
Apple_scab/image (349).JPG,Apple_scab,validation
Apple_scab/image (351).JPG,Apple_scab,validation
Apple_scab/image (36).JPG,Apple_scab,validation
Apple_scab/image (368).JPG,Apple_scab,validation
Apple_scab/image (372).JPG,Apple_scab,validation
Apple_scab/image (376).JPG,Apple_scab,validation
Apple_scab/image (380).JPG,Apple_scab,validation
Apple_scab/image (391).JPG,Apple_scab,validation
Apple_scab/image (393).JPG,Apple_scab,validation
Apple_scab/image (399).JPG,Apple_scab,validation
Apple_scab/image (401).JPG,Apple_scab,validation
Apple_scab/image (406).JPG,Apple_scab,validation
Apple_scab/image (410).JPG,Apple_scab,validation
Apple_scab/image (412).JPG,Apple_scab,validation
Apple_scab/image (415).JPG,Apple_scab,validation
Apple_scab/image (417).JPG,Apple_scab,validation
Apple_scab/image (420).JPG,Apple_scab,validation
Apple_scab/image (422).JPG,Apple_scab,validation
Apple_scab/image (424).JPG,Apple_scab,validation
Apple_scab/image (426).JPG,Apple_scab,validation
Apple_scab/image (44).JPG,Apple_scab,validation
Apple_scab/image (446).JPG,Apple_scab,validation
Apple_scab/image (450).JPG,Apple_scab,validation
Apple_scab/image (454).JPG,Apple_scab,validation
Apple_scab/image (458).JPG,Apple_scab,validation
Apple_scab/image (459).JPG,Apple_scab,validation
Apple_scab/image (46).JPG,Apple_scab,validation
Apple_scab/image (461).JPG,Apple_scab,validation
Apple_scab/image (462).JPG,Apple_scab,validation
Apple_scab/image (466).JPG,Apple_scab,validation
Apple_scab/image (467).JPG,Apple_scab,validation
Apple_scab/image (474).JPG,Apple_scab,validation
Apple_scab/image (477).JPG,Apple_scab,validation
Apple_scab/image (48).JPG,Apple_scab,validation
Apple_scab/image (489).JPG,Apple_scab,validation
Apple_scab/image (498).JPG,Apple_scab,validation
Apple_scab/image (499).JPG,Apple_scab,validation
Apple_scab/image (503).JPG,Apple_scab,validation
Apple_scab/image (508).JPG,Apple_scab,validation
Apple_scab/image (51).JPG,Apple_scab,validation
Apple_scab/image (514).JPG,Apple_scab,validation
Apple_scab/image (517).JPG,Apple_scab,validation
Apple_scab/image (521).JPG,Apple_scab,validation
Apple_scab/image (530).JPG,Apple_scab,validation
Apple_scab/image (532).JPG,Apple_scab,validation
Apple_scab/image (539).JPG,Apple_scab,validation
Apple_scab/image (549).JPG,Apple_scab,validation
Apple_scab/image (55).JPG,Apple_scab,validation
Apple_scab/image (552).JPG,Apple_scab,validation
Apple_scab/image (554).JPG,Apple_scab,validation
Apple_scab/image (556).JPG,Apple_scab,validation
Apple_scab/image (558).JPG,Apple_scab,validation
Apple_scab/image (562).JPG,Apple_scab,validation
Apple_scab/image (564).JPG,Apple_scab,validation
Apple_scab/image (57).JPG,Apple_scab,validation
Apple_scab/image (574).JPG,Apple_scab,validation
Apple_scab/image (577).JPG,Apple_scab,validation
Apple_scab/image (578).JPG,Apple_scab,validation
Apple_scab/image (580).JPG,Apple_scab,validation
Apple_scab/image (584).JPG,Apple_scab,validation
Apple_scab/image (586).JPG,Apple_scab,validation
Apple_scab/image (6).JPG,Apple_scab,validation
Apple_scab/image (60).JPG,Apple_scab,validation
Apple_scab/image (61).JPG,Apple_scab,validation
Apple_scab/image (610).JPG,Apple_scab,validation
Apple_scab/image (612).JPG,Apple_scab,validation
Apple_scab/image (614).JPG,Apple_scab,validation
Apple_scab/image (617).JPG,Apple_scab,validation
Apple_scab/image (618).JPG,Apple_scab,validation
Apple_scab/image (622).JPG,Apple_scab,validation
Apple_scab/image (625).JPG,Apple_scab,validation
Apple_scab/image (627).JPG,Apple_scab,validation
Apple_scab/image (630).JPG,Apple_scab,validation
Apple_scab/image (69).JPG,Apple_scab,validation
Apple_scab/image (71).JPG,Apple_scab,validation
Apple_scab/image (72).JPG,Apple_scab,validation
Apple_scab/image (75).JPG,Apple_scab,validation
Apple_scab/image (87).JPG,Apple_scab,validation
